time,body1,body2,numContacts,cpx_avg,cpy_avg,cpz_avg,cnx_avg,cny_avg,cnz_avg,fx_avg,fy_avg,fz_avg,mx_avg,my_avg,mz_avg
0.01,floor,heinz,50,-0.00321584302678,-0.00329947380358,-9.53554099295e-06,0.0,0.0,-1.0,-0.000271778020966,-0.000846754423916,9.3686558077,1.9317845934e-12,-1.12695009574e-12,5.29082123637e-07
0.02,floor,heinz,50,0.000625353588465,-0.00173848380802,-9.20438999394e-06,0.0,0.0,-1.0,0.000375570031451,-0.00145481704488,9.36866663618,3.7912437946e-12,1.21567339528e-12,-2.42068705839e-06
0.03,floor,heinz,50,-0.000207738099711,0.00194726950591,-8.89265013881e-06,0.0,0.0,-1.0,0.0024304643103,-0.0045534641381,9.36860783036,-1.62664460894e-11,-8.0420834922e-12,-1.25764599223e-05
0.04,floor,heinz,50,0.00042470690767,0.00159748282614,-8.58917149713e-06,0.0,0.0,-1.0,0.000364760769467,-0.00119379165652,9.3686209935,-3.64683110099e-12,4.25426187334e-13,-2.2084014798e-06
0.05,floor,heinz,50,-0.00193713977438,0.00308505614945,-8.30508576405e-06,0.0,0.0,-1.0,3.40782564339e-05,0.00156591802288,9.36878366643,1.0273162529e-13,-8.72112278227e-13,8.68730282613e-07
0.06,floor,heinz,50,-0.00756079472308,-0.00098232880913,-8.03890331769e-06,0.0,0.0,-1.0,-0.000291669628151,0.00484001887754,9.36870721914,1.20657303593e-12,-1.37040196899e-11,4.24220289377e-06
0.07,floor,heinz,50,-0.00322924300775,-0.00325264381256,-7.78514780597e-06,0.0,0.0,-1.0,-0.000632091254861,-0.00104055298368,9.3687761696,6.36913438656e-12,-4.16368588912e-12,1.8293007332e-06
0.08,floor,heinz,50,3.56035679316e-05,-0.00326681377757,-7.54350242165e-06,0.0,0.0,-1.0,6.14008971678e-05,-0.00069541201726,9.36870248725,8.06210306847e-12,1.32041079459e-13,-6.89759341263e-07
0.09,floor,heinz,50,0.000625353588469,-0.00173848380801,-7.31430830911e-06,0.0,0.0,-1.0,6.95209612984e-05,-0.000282829905626,9.36869124811,5.29490687406e-12,3.41756224015e-12,-4.56243645532e-07
0.1,floor,heinz,50,0.00143053026012,-0.00129923049981,-7.09409300496e-06,0.0,0.0,-1.0,-4.68586975569e-05,-0.000406396360922,9.3686992564,5.37512525808e-12,8.06683712884e-12,-7.62443394132e-08
0.11,floor,heinz,50,-0.000207738099738,0.00194726950598,-6.89358243909e-06,0.0,0.0,-1.0,7.77940424326e-05,-0.000226329432447,9.36869228864,-1.75031911707e-11,7.629140375e-14,-4.52536060523e-07
0.12,floor,heinz,50,0.00167049357645,2.97694902489e-05,-6.6867993496e-06,0.0,0.0,-1.0,2.96394317723e-05,1.02889231832e-05,9.36870285161,-1.1836417263e-12,6.59238115486e-12,-1.10421687917e-07
0.13,floor,heinz,50,-0.000382843101678,0.00258677281775,-6.5046061e-06,0.0,0.0,-1.0,1.03693222934e-05,3.43825582771e-05,9.36870778273,-9.0598401177e-12,-2.10542607654e-12,-1.88957803092e-08
0.14,floor,heinz,50,-0.00218436475032,0.00362853946902,-6.3270485128e-06,0.0,0.0,-1.0,0.000649802576948,-0.00143408656769,9.36859641576,-9.77086467291e-12,-7.68288210828e-12,-3.48870661992e-06
0.15,floor,heinz,50,-0.00509400646852,0.00287548618894,-6.159319363e-06,0.0,0.0,-1.0,-0.000310994975998,0.00239204738739,9.36890542596,-4.44363469632e-12,-4.70613131798e-12,2.75860858205e-06
0.16,floor,heinz,50,-0.00735288472531,-0.00183684213321,-6.0018458266e-06,0.0,0.0,-1.0,-2.82089649581e-05,-0.00139679141577,9.36878457257,3.24900696624e-14,9.37563394976e-13,-7.80367711006e-07
0.17,floor,heinz,50,-0.00196981797867,-0.00499794211097,-5.85364014095e-06,0.0,0.0,-1.0,-0.00215670213482,0.0043372308053,9.3684147076,1.24906669209e-11,-5.94523735797e-12,1.12401979329e-05
0.18,floor,heinz,50,3.56035679553e-05,-0.00326681377768,-5.71057499171e-06,0.0,0.0,-1.0,0.000784662629294,-0.00346289514914,9.36903183015,1.75667562094e-11,8.25639903668e-13,-5.33525936258e-06
0.19,floor,heinz,50,0.000625353588486,-0.00173848380812,-5.57596024127e-06,0.0,0.0,-1.0,0.000205430672537,-0.00245309983953,9.36881310373,1.43412439042e-11,6.57160350442e-12,-2.39263043361e-06
0.2,floor,heinz,50,0.000456201908139,-0.000327980489652,-5.4479272986e-06,0.0,0.0,-1.0,0.0025178616761,-0.00659639104812,9.36907980994,9.15918296068e-12,4.7093474953e-12,-1.42659693196e-05
0.21,floor,heinz,50,0.00199768357677,-0.00113027715438,-5.31879356655e-06,0.0,0.0,-1.0,3.4258086208e-05,-6.60934893983e-06,9.36873918613,4.60825128057e-12,1.15341946064e-11,-1.3950347519e-07
0.22,floor,heinz,50,0.00167049357648,2.97694901943e-05,-5.20268884908e-06,0.0,0.0,-1.0,2.92578659549e-05,1.56380564207e-05,9.36874194524,-2.87670885377e-12,7.90923142951e-12,-1.0549629377e-07
0.23,floor,heinz,50,0.000403856904946,0.00156988280219,-5.09414331651e-06,0.0,0.0,-1.0,-3.31379052205e-05,0.000294157835865,9.36874869342,-1.00313607247e-11,8.40242805888e-13,3.19211873721e-07
0.24,floor,heinz,50,4.88969176775e-05,0.00196887950739,-4.98686065689e-06,0.0,0.0,-1.0,-3.61459373935e-06,9.08068855298e-05,9.36874867685,-6.81782451675e-12,-5.33586196061e-13,7.24766966796e-08
0.25,floor,heinz,50,-0.00193713977431,0.00308505614938,-4.88819847442e-06,0.0,0.0,-1.0,-7.95283981966e-05,0.00181802868662,9.36888517378,-1.28101609181e-12,-2.62896822367e-12,1.47771707151e-06
0.26,floor,heinz,50,-0.00624068972322,0.00276284950121,-4.79577317162e-06,0.0,0.0,-1.0,0.00216190608987,0.00218581134047,9.36870887105,-3.28851442605e-12,-9.01393196195e-12,-7.10744166545e-06
0.27,floor,heinz,50,-0.00707499138619,-0.00174970879137,-4.70774823278e-06,0.0,0.0,-1.0,-0.00191245896349,0.00193739472007,9.36895941871,4.52498325268e-12,-1.90848005802e-11,8.75379122155e-06
0.28,floor,heinz,50,-0.00322924300773,-0.00325264381262,-4.62526917345e-06,0.0,0.0,-1.0,-0.000608458113905,-0.00103001241366,9.36885847543,9.17190195321e-12,-6.28752085119e-12,1.7421767587e-06
0.29,floor,heinz,50,-0.000444839728005,-0.00471934041873,-4.54357694069e-06,0.0,0.0,-1.0,-0.00139352304447,0.00344225103076,9.36846934998,5.62870063059e-12,-3.64900297478e-12,7.68324645213e-06
0.3,floor,heinz,50,0.00198862521818,-0.00475320877835,-4.46507686443e-06,0.0,0.0,-1.0,-0.00402514722861,0.00640397757801,9.36812040356,-4.88670996029e-12,-1.03127402451e-12,1.98576371667e-05
0.31,floor,heinz,50,0.000625353588494,-0.00173848380811,-4.39554633147e-06,0.0,0.0,-1.0,2.17705769524e-05,-1.88450286847e-05,9.36876304349,6.93590497536e-12,5.90363088276e-12,-9.80573908601e-08
0.32,floor,heinz,50,0.0013606018749,-0.00150284546741,-4.32433307184e-06,0.0,0.0,-1.0,-0.00188297536117,0.00297421208544,9.36864054446,-5.11435034947e-12,1.03284759218e-11,9.31220176993e-06
0.33,floor,heinz,50,0.00199768357678,-0.00113027715444,-4.25616509348e-06,0.0,0.0,-1.0,3.44229964302e-05,-5.28119465961e-06,9.3687671694,5.11347561516e-12,1.40256096667e-11,-1.39312598105e-07
0.34,floor,heinz,50,0.0016704935765,2.97694901329e-05,-4.1948056332e-06,0.0,0.0,-1.0,2.91047040014e-05,1.64949353719e-05,9.36876849128,-4.10437829557e-12,9.58238263044e-12,-1.04347385453e-07
0.35,floor,heinz,50,0.000229055220839,0.00209565616932,-4.14014511226e-06,0.0,0.0,-1.0,1.96286978201e-05,-3.34789602834e-05,9.36876851045,-1.88650475449e-11,-7.79661925299e-13,-9.8905932383e-08
0.36,floor,heinz,50,4.88969176894e-05,0.00196887950737,-4.08017240155e-06,0.0,0.0,-1.0,-0.000788819484781,0.00151483768562,9.36884193864,-6.89470789489e-12,1.25596061329e-12,4.07848328243e-06
0.37,floor,heinz,50,-0.00177963308084,0.00319867280643,-4.02803465192e-06,0.0,0.0,-1.0,0.000277595144632,-5.29083286774e-05,9.36876834344,-8.37949371349e-12,-6.87592170701e-12,-1.1301224877e-06
0.38,floor,heinz,50,-0.00459638812537,0.00447098615391,-3.97821543801e-06,0.0,0.0,-1.0,0.000312166714429,-0.000415722240849,9.36873999795,-3.14646052268e-12,-4.08983177186e-12,-1.50092886861e-06
0.39,floor,heinz,50,-0.00661547804623,-0.00160185880403,-3.93452019458e-06,0.0,0.0,-1.0,-0.00188303937227,0.00635374059081,9.36900910339,9.99163815921e-12,-2.74227194771e-11,1.14291172284e-05
0.4,floor,heinz,50,-0.00359628297522,-0.00522546044183,-3.89160953572e-06,0.0,0.0,-1.0,-0.00251126797002,0.00460766353936,9.36850397883,2.57193047241e-11,-1.28214019263e-11,1.27930807777e-05
0.41,floor,heinz,50,-0.00140251639334,-0.00355391377301,-3.84809088699e-06,0.0,0.0,-1.0,0.000162858999072,-0.00135273031028,9.36888147822,9.01392545674e-12,-2.43276926382e-12,-1.51135438863e-06
0.42,floor,heinz,50,-2.66497261858e-05,-0.00233921378474,-3.80805018058e-06,0.0,0.0,-1.0,-1.3649725271e-05,-0.000541930238223,9.36878980257,8.66177312167e-12,1.88520553335e-12,-2.93673790366e-07
0.43,floor,heinz,50,0.000625353588512,-0.00173848380818,-3.7696125386e-06,0.0,0.0,-1.0,7.0214790034e-05,-0.000281405925252,9.36878461341,7.31330317486e-12,5.80221200946e-12,-4.58125270358e-07
0.44,floor,heinz,50,0.000456201908181,-0.000327980489765,-3.73435863724e-06,0.0,0.0,-1.0,0.0025179306016,-0.00659454714456,9.36912491484,9.14756204812e-12,5.88575889415e-12,-1.42656570244e-05
0.45,floor,heinz,50,0.0019976835768,-0.00113027715451,-3.69258931851e-06,0.0,0.0,-1.0,1.62134850328e-05,-2.06623183541e-05,9.36878157279,4.51697056494e-12,1.36276840507e-11,-7.70649308625e-08
0.46,floor,heinz,50,0.00167049357652,2.97694900725e-05,-3.65996752265e-06,0.0,0.0,-1.0,-1.91771177185e-05,0.000142186246847,9.36878144645,-4.94959065053e-12,9.59349440166e-12,1.66825490425e-07
0.47,floor,heinz,50,0.000229055220884,0.00209565616921,-3.63280239125e-06,0.0,0.0,-1.0,0.000449638601169,-0.00230363411693,9.36870899526,-3.15406641777e-11,-9.73151247086e-13,-3.25883220512e-06
0.48,floor,heinz,50,-0.000382843101574,0.00258677281759,-3.60073498901e-06,0.0,0.0,-1.0,3.5464382574e-05,-3.73773639416e-05,9.36878244108,-1.54171402207e-11,-3.75149911136e-12,-1.64012374096e-07
0.49,floor,heinz,50,-0.000755333109596,0.00288001951773,-3.56916661966e-06,0.0,0.0,-1.0,3.51251523389e-05,-7.34810395391e-05,9.3687818873,-9.18624291218e-12,-3.58906047243e-12,-1.85844277104e-07
0.5,floor,heinz,50,-0.00334363480446,0.00396080612857,-3.54324512363e-06,0.0,0.0,-1.0,-8.45632831677e-06,-0.00128055119234,9.36866280867,-4.67059203813e-12,-3.82053416681e-12,-7.84400444804e-07
0.51,floor,heinz,50,-0.00668476479626,0.00106651449599,-3.52045961497e-06,0.0,0.0,-1.0,-0.00149789017161,0.00424833414567,9.36919366964,-7.67895903114e-12,-1.96110046605e-11,8.59263177044e-06
0.52,floor,heinz,50,-0.00494091800551,-0.00463548545667,-3.50085412659e-06,0.0,0.0,-1.0,-0.00190610679927,0.0042474985999,9.3686173168,2.19645040003e-11,-1.6977615494e-11,1.01922972656e-05
0.53,floor,heinz,50,-0.00321584302669,-0.00329947380381,-3.47597628383e-06,0.0,0.0,-1.0,0.00173557523421,-0.00374535348058,9.36908221808,2.62203366658e-12,-3.91053509019e-13,-9.27889574512e-06
0.54,floor,heinz,50,3.56035679801e-05,-0.00326681377785,-3.456518183e-06,0.0,0.0,-1.0,0.000785413208381,-0.00346245545832,9.36909119747,2.04854492744e-11,1.19907556106e-12,-5.33852888246e-06
0.55,floor,heinz,50,0.000998016917185,-0.00380658378086,-3.4313419164e-06,0.0,0.0,-1.0,0.000245583960668,-0.000313716148159,9.36880519344,1.88679146092e-11,3.5933886075e-12,-1.17410732338e-06
0.56,floor,heinz,50,0.00188941521812,-0.00275969878802,-3.41136543175e-06,0.0,0.0,-1.0,-0.000255361326821,0.000493539262804,9.36876705323,1.3018390619e-11,8.93467504842e-12,1.32636331966e-06
0.57,floor,heinz,50,0.00143053026018,-0.00129923050003,-3.39376245828e-06,0.0,0.0,-1.0,1.84945494611e-05,-7.81449036479e-05,9.36879010444,5.5927562928e-12,1.25671226897e-11,-1.22893309644e-07
0.58,floor,heinz,50,-0.000207738099519,0.00194726950558,-3.38587794529e-06,0.0,0.0,-1.0,0.00401328975876,-0.0079532138259,9.36889532216,-6.78897216222e-11,-2.61503587881e-11,-2.11244769495e-05
0.59,floor,heinz,50,0.00167049357654,2.97694900009e-05,-3.35653531498e-06,0.0,0.0,-1.0,2.96227687918e-05,1.32621960483e-05,9.3687905818,-4.31315920479e-12,1.02698969121e-11,-1.08463470736e-07
0.6,floor,heinz,50,0.00040385690503,0.00156988280204,-3.3432695317e-06,0.0,0.0,-1.0,-0.000356547504659,0.0014954983914,9.36884510287,-1.04916266647e-11,1.12330197227e-12,2.36378420858e-06
0.61,floor,heinz,50,4.88969177731e-05,0.00196887950723,-3.32572181398e-06,0.0,0.0,-1.0,-9.68873828371e-05,0.000312606264322,9.3687962388,-9.4736176369e-12,-8.29855281714e-13,5.82795909278e-07
0.62,floor,heinz,50,-0.00177963308076,0.00319867280632,-3.31230138096e-06,0.0,0.0,-1.0,0.00027689376444,-4.93421476434e-05,9.36878732639,-8.4424611399e-12,-6.96863053373e-12,-1.12505073773e-06
0.63,floor,heinz,50,-0.00459638812527,0.00447098615384,-3.29908903172e-06,0.0,0.0,-1.0,0.000312625465976,-0.000427954763022,9.36875729114,-3.37815496063e-12,-4.42501590925e-12,-1.51065988685e-06
0.64,floor,heinz,50,-0.00661547804619,-0.00160185880408,-3.29087657961e-06,0.0,0.0,-1.0,-0.00194182075345,0.00646191784452,9.36903149839,1.07520090921e-11,-2.97087805745e-11,1.17286310634e-05
0.65,floor,heinz,50,-0.00489646805734,-0.00327314879383,-3.27874136129e-06,0.0,0.0,-1.0,-0.000718563210318,-0.000858095681453,9.36889566934,6.33013346601e-12,-6.77048521414e-12,2.28356841478e-06
0.66,floor,heinz,50,-0.0013264197368,-0.00402293375117,-3.26886064666e-06,0.0,0.0,-1.0,-0.000829319853209,-0.00233873179927,9.36902535448,2.07627309443e-11,-3.90279041723e-12,1.78907743141e-06
0.67,floor,heinz,50,3.56035679743e-05,-0.00326681377784,-3.25716828342e-06,0.0,0.0,-1.0,9.53965857653e-05,-0.000689045769309,9.3688156188,1.35728784982e-11,6.47207981652e-13,-8.20619701434e-07
0.68,floor,heinz,50,0.000448631907194,-0.00231532383603,-3.24670124867e-06,0.0,0.0,-1.0,0.00294384580636,-0.00698245076858,9.36946300198,4.68169843171e-11,7.83636783935e-12,-1.62180246985e-05
0.69,floor,heinz,50,0.00143137026137,-0.00243093378102,-3.2326466177e-06,0.0,0.0,-1.0,9.41438150409e-05,-0.000121830542132,9.36879839499,1.47061178339e-11,9.21801177056e-12,-4.505006668e-07
0.7,floor,heinz,50,0.0014305302602,-0.0012992305001,-3.22335037564e-06,0.0,0.0,-1.0,2.7615755777e-05,-2.09120625112e-05,9.3687941748,5.58150314162e-12,1.24127192899e-11,-1.22413479918e-07
0.71,floor,heinz,50,-0.000207738099569,0.00194726950569,-3.22391815605e-06,0.0,0.0,-1.0,0.000328407171851,-0.000796164344475,9.36877903887,-3.58177632519e-11,-1.78426631109e-12,-1.80954983002e-06
0.72,floor,heinz,50,0.00167049357657,2.97694899313e-05,-3.20301342559e-06,0.0,0.0,-1.0,2.9584896707e-05,1.24681803799e-05,9.36879462403,-3.85382134191e-12,1.00007745141e-11,-1.08821213188e-07
0.73,floor,heinz,50,0.000696666929742,0.000967756174393,-3.1953444896e-06,0.0,0.0,-1.0,-0.000473141184758,0.00165148516802,9.368828803,-8.04957836498e-12,2.52121760969e-12,2.92267696015e-06
0.74,floor,heinz,50,4.88969178094e-05,0.00196887950716,-3.18731978936e-06,0.0,0.0,-1.0,-4.0921540986e-06,9.14977731985e-05,9.36879609015,-9.40044613332e-12,-9.62879082023e-13,7.4796825929e-08
0.75,floor,heinz,50,-0.00218436475012,0.00362853946879,-3.18207638423e-06,0.0,0.0,-1.0,0.000648151911674,-0.0014296980237,9.36867944315,-1.33446123075e-11,-1.06394996979e-11,-3.47913237903e-06
0.76,floor,heinz,50,-0.00424982476163,0.00261846948053,-3.17482062152e-06,0.0,0.0,-1.0,-0.000689218640711,0.0031953641103,9.36903456156,-3.74364124769e-12,-4.09891478398e-12,4.75665924309e-06
0.77,floor,heinz,50,-0.00756079472297,-0.000982328809249,-3.17081832935e-06,0.0,0.0,-1.0,-0.000481905018745,0.00478467538595,9.36884762171,3.28999327781e-12,-2.25519446867e-11,4.95244869538e-06
0.78,floor,heinz,50,-0.00359628297522,-0.00522546044196,-3.1681595009e-06,0.0,0.0,-1.0,-0.00251142265799,0.00462055073134,9.36852268397,2.72469395136e-11,-1.36454510885e-11,1.28020264572e-05
0.79,floor,heinz,50,-0.00140251639332,-0.00355391377317,-3.1617600417e-06,0.0,0.0,-1.0,0.000166166875881,-0.00137105065581,9.36890028934,9.16304272042e-12,-2.42787560889e-12,-1.53633751119e-06
0.8,floor,heinz,50,-2.66497261493e-05,-0.00233921378497,-3.15698868916e-06,0.0,0.0,-1.0,-0.000126767880589,-0.00269996567438,9.36894903851,1.81654912466e-11,2.84191680605e-12,-1.23271065809e-06
0.81,floor,heinz,50,0.000625353588563,-0.00173848380842,-3.1519765682e-06,0.0,0.0,-1.0,0.000200860408723,-0.00244028537504,9.36887652499,1.72910553063e-11,8.65523711729e-12,-2.36644718211e-06
0.82,floor,heinz,50,0.00185913521109,-0.00275350878993,-3.14012957223e-06,0.0,0.0,-1.0,2.26166295703e-05,-4.4408503171e-06,9.36879624244,1.89339616034e-11,1.11239619946e-11,-9.21124890193e-08
0.83,floor,heinz,50,0.00199768357685,-0.00113027715472,-3.13686214324e-06,0.0,0.0,-1.0,-9.66743903916e-05,-8.8050193989e-05,9.36879315004,4.56072289309e-12,1.54467116181e-11,3.26716207465e-07
0.84,floor,heinz,50,0.00167049357654,2.97694899624e-05,-3.13297850024e-06,0.0,0.0,-1.0,-0.00255498811863,0.00407301357029,9.36877475211,-8.87552444734e-12,1.03788757103e-11,1.26439269177e-05
0.85,floor,heinz,50,0.00167049357659,2.9769489861e-05,-3.12445108871e-06,0.0,0.0,-1.0,2.90509746873e-05,1.21844093828e-05,9.36879667814,-3.24531677573e-12,1.02708310606e-11,-1.06895076097e-07
0.86,floor,heinz,50,-0.000382843101427,0.00258677281735,-3.12674077799e-06,0.0,0.0,-1.0,0.00154796545287,-0.00267999460241,9.3687064669,-3.09051876972e-11,-1.30583200503e-11,-7.85200927744e-06
0.87,floor,heinz,50,0.000257923553971,0.00148144280834,-3.11544177203e-06,0.0,0.0,-1.0,-0.000375965291581,0.00151680884394,9.36884543525,-5.20304762816e-12,5.44118569645e-13,2.45332855682e-06
0.88,floor,heinz,50,-0.00348008147293,0.0040905294825,-3.11709654734e-06,0.0,0.0,-1.0,0.00252180702575,-0.00310561335062,9.36846239921,-1.50230578845e-11,-2.20180765981e-11,-1.19852638827e-05
0.89,floor,heinz,50,-0.0054352947375,0.00177333784613,-3.1133930314e-06,0.0,0.0,-1.0,0.000714389869962,0.00364032711785,9.36892884501,-3.59961626478e-12,-1.08477515165e-11,-4.72462862668e-07
0.9,floor,heinz,50,-0.00800295139567,-0.000802775456231,-3.11043943171e-06,0.0,0.0,-1.0,0.00124982471153,-0.00405269009587,9.36875294452,-5.95235666312e-13,1.6613973218e-11,-7.54892849173e-06
0.91,floor,heinz,50,-0.00353397966638,-0.00360511712255,-3.11096319677e-06,0.0,0.0,-1.0,2.72331472021e-05,-0.000674281283862,9.36881951471,4.37479046045e-12,-3.86112582879e-12,-5.4442661789e-07
0.92,floor,heinz,50,-0.00140251639332,-0.00355391377318,-3.10749430087e-06,0.0,0.0,-1.0,-8.87300038567e-07,-6.48415976322e-05,9.36879855955,8.6229495766e-12,-3.06145647028e-12,-3.81807697853e-08
0.93,floor,heinz,50,-2.66497261313e-05,-0.00233921378496,-3.10546856606e-06,0.0,0.0,-1.0,1.42072617126e-05,-4.68808830108e-05,9.36879754194,7.77280496911e-12,1.88557416209e-12,-8.61913579821e-08
0.94,floor,heinz,50,0.000625353588576,-0.00173848380842,-3.10304137361e-06,0.0,0.0,-1.0,2.22754040825e-05,-3.15819657156e-05,9.36879730462,7.03125188281e-12,6.21943902629e-12,-1.08216089838e-07
0.95,floor,heinz,50,0.00166767355999,-0.00142466382319,-3.09857283323e-06,0.0,0.0,-1.0,-0.00180150925895,0.00167086282062,9.36865936861,-4.13664762167e-13,1.3742019675e-11,8.16687726553e-06
0.96,floor,heinz,50,0.00199768357688,-0.00113027715478,-3.09279574012e-06,0.0,0.0,-1.0,3.42132526061e-05,-5.26440989893e-06,9.36879780833,5.02939053251e-12,1.52052623964e-11,-1.3847244435e-07
0.97,floor,heinz,50,0.00167049357662,2.97694897974e-05,-3.0911607636e-06,0.0,0.0,-1.0,2.3311385652e-05,3.61871151114e-05,9.36879743776,-5.15041741894e-12,1.04912216067e-11,-6.88636596295e-08
0.98,floor,heinz,50,0.000229055221022,0.002095656169,-3.09345758136e-06,0.0,0.0,-1.0,0.000373225745537,-0.000949394664702,9.36877987269,-2.72144845721e-11,-2.27965476357e-12,-2.08416054185e-06
0.99,floor,heinz,50,-0.000382843101424,0.00258677281736,-3.08904810494e-06,0.0,0.0,-1.0,3.52530798747e-05,-3.71203067052e-05,9.36879592552,-1.700293812e-11,-4.21403190121e-12,-1.6301355494e-07
1.0,floor,heinz,50,-0.000755333109441,0.00288001951751,-3.08370398621e-06,0.0,0.0,-1.0,3.49298347072e-05,-7.32351076652e-05,9.36879468067,-1.0357196871e-11,-4.09709419169e-12,-1.84914357444e-07
1.01,floor,heinz,50,-0.00333070308894,0.00341258948362,-3.08284917195e-06,0.0,0.0,-1.0,-3.89736504381e-05,0.000421294079637,9.36881169178,-3.420081926e-12,-4.51214326319e-12,4.25371894862e-07
1.02,floor,heinz,50,-0.00767900139257,0.00254533951107,-3.08163650547e-06,0.0,0.0,-1.0,0.0026167258383,-0.00135288980249,9.36836663952,2.12040151062e-12,-2.26678051329e-13,-1.12064170059e-05
1.03,floor,heinz,50,-0.00593134804583,-0.00417223879546,-3.08391900546e-06,0.0,0.0,-1.0,-0.00211681552311,0.00581200369467,9.36867174476,2.13814248425e-11,-2.33359373492e-11,1.19951130885e-05
1.04,floor,heinz,50,-0.00196981797866,-0.00499794211131,-3.08249314404e-06,0.0,0.0,-1.0,-0.00208074502332,0.00448447295281,9.36848181031,1.32576983246e-11,-6.7811676413e-12,1.10353964744e-05
1.05,floor,heinz,50,0.00052617523887,-0.00444661876632,-3.08027818656e-06,0.0,0.0,-1.0,-0.000261965364442,-9.39060527035e-05,9.36879662046,1.41626042491e-11,3.61826020534e-13,9.78365726034e-07
1.06,floor,heinz,50,0.00196494522424,-0.00474124880892,-3.07477346586e-06,0.0,0.0,-1.0,3.38346701387e-05,-3.2676984397e-05,9.36879977671,2.24320215181e-11,5.22529068625e-12,-1.54621856207e-07
1.07,floor,heinz,50,0.00143137026141,-0.00243093378122,-3.07451304825e-06,0.0,0.0,-1.0,9.40277340107e-05,-0.000122352433975,9.36880257179,1.33306529877e-11,8.1050964551e-12,-4.50365506264e-07
1.08,floor,heinz,50,0.00143053026026,-0.0012992305003,-3.07290759536e-06,0.0,0.0,-1.0,2.80434921307e-05,-2.00201507477e-05,9.36879814184,5.28257559224e-12,1.06686395829e-11,-1.23534445042e-07
1.09,floor,heinz,50,-0.00020773809947,0.00194726950553,-3.0802939225e-06,0.0,0.0,-1.0,7.75952997261e-05,-0.000224665757855,9.36879277447,-2.68551274968e-11,1.59107102493e-13,-4.50698622322e-07
1.1,floor,heinz,50,0.00167049357664,2.9769489728e-05,-3.06719737091e-06,0.0,0.0,-1.0,2.94480735111e-05,1.18633567278e-05,9.36879819827,-2.98340388852e-12,9.2790653633e-12,-1.0866610372e-07
1.11,floor,heinz,50,0.00042470690794,0.00159748282564,-3.06826116394e-06,0.0,0.0,-1.0,6.43831834059e-05,-0.00018786378078,9.36879486949,-1.17353726563e-11,1.00671120745e-12,-3.74557025026e-07
1.12,floor,heinz,50,0.000257923554038,0.00148144280822,-3.06358261663e-06,0.0,0.0,-1.0,-0.000375892860491,0.00151807919311,9.36884682574,-4.5733130824e-12,5.56036987287e-13,2.45392514913e-06
1.13,floor,heinz,50,-0.00348008147284,0.00409052948241,-3.06738797066e-06,0.0,0.0,-1.0,0.0025220663873,-0.00310575945193,9.36846371261,-1.33886421914e-11,-1.98920810379e-11,-1.19864843127e-05
1.14,floor,heinz,50,-0.00543529473748,0.00177333784606,-3.06602684979e-06,0.0,0.0,-1.0,-0.00156037385156,0.00333817514692,9.36913175933,-5.47218563865e-12,-8.355233172e-12,8.26781661229e-06
1.15,floor,heinz,50,-0.00707499138605,-0.0017497087916,-3.06629164713e-06,0.0,0.0,-1.0,-0.000794288193099,-0.000362294804178,9.36889692334,2.23177682931e-12,-6.59519227425e-12,2.89988086932e-06
1.16,floor,heinz,50,-0.00322924300765,-0.00325264381291,-3.06769424226e-06,0.0,0.0,-1.0,-0.00010790236233,-0.000326782224941,9.36881004108,5.04908398077e-12,-4.50346704373e-12,2.16033986185e-07
1.17,floor,heinz,50,0.00052617523883,-0.00444661876638,-3.06752178258e-06,0.0,0.0,-1.0,-0.0020872767628,-0.000123451052372,9.36880122049,2.86176820088e-11,9.96544860521e-13,8.15994013498e-06
1.18,floor,heinz,50,0.000998016917262,-0.00380658378123,-3.06389756743e-06,0.0,0.0,-1.0,0.00213586982295,-0.00246449638549,9.36914471881,2.4783629142e-11,5.3153557944e-12,-1.00409814443e-05
1.19,floor,heinz,50,0.00143137026143,-0.00243093378129,-3.06326658071e-06,0.0,0.0,-1.0,0.000504180419995,-0.000545817279842,9.36887644036,1.51414744458e-11,8.3486793867e-12,-2.34016254735e-06
1.2,floor,heinz,50,0.00143053026028,-0.00129923050037,-3.06232006314e-06,0.0,0.0,-1.0,1.78849557477e-05,-7.30904295315e-05,9.36879876371,5.359732623e-12,1.11061264352e-11,-1.17249297964e-07
1.21,floor,heinz,50,-0.000207738099384,0.00194726950537,-3.07051254617e-06,0.0,0.0,-1.0,0.00243008241058,-0.00454718211522,9.36876119214,-5.1249746634e-11,-1.69154143817e-11,-1.25726457343e-05
1.22,floor,heinz,50,0.00167049357667,2.97694896644e-05,-3.05765891497e-06,0.0,0.0,-1.0,2.95611764796e-05,1.21972527181e-05,9.3687984525,-3.55087443824e-12,9.7285781861e-12,-1.08900190538e-07
1.23,floor,heinz,50,0.000424706907968,0.00159748282559,-3.0594172992e-06,0.0,0.0,-1.0,-5.39653858265e-05,0.000120330082435,9.36879647969,-1.24790256253e-11,1.22506779027e-12,2.90074055526e-07
1.24,floor,heinz,50,4.88969179471e-05,0.00196887950692,-3.0562869758e-06,0.0,0.0,-1.0,8.29968556855e-06,5.04792838777e-05,9.36879879291,-8.22849991269e-12,-7.62068359805e-13,-4.12693815983e-10
1.25,floor,heinz,50,-0.001937139774,0.00308505614898,-3.05677464406e-06,0.0,0.0,-1.0,-7.99101893386e-05,0.00181838876433,9.36893343581,-1.78503479359e-12,-3.4348869235e-12,1.47931737484e-06
1.26,floor,heinz,50,-0.00518227975205,0.00356712950798,-3.05706713641e-06,0.0,0.0,-1.0,0.000136219592505,0.00051030724679,9.36881171606,-2.98388831005e-12,-3.74027284838e-12,-2.06986991003e-07
1.27,floor,heinz,50,-0.00743899804877,-0.00220847544659,-3.06011832942e-06,0.0,0.0,-1.0,-0.00182613995697,0.00451678531487,9.36889374136,1.055698454e-11,-2.55456983692e-11,1.0045561547e-05
1.28,floor,heinz,50,-0.00318999302932,-0.00485950710693,-3.06206137586e-06,0.0,0.0,-1.0,-0.000989560156893,-0.00107878150559,9.36895459577,1.25301357831e-11,-5.80452092641e-12,3.21839145016e-06
1.29,floor,heinz,50,-0.0014025163933,-0.00355391377334,-3.06050641059e-06,0.0,0.0,-1.0,3.26920609114e-07,-9.83823024351e-05,9.36880095422,7.88297638971e-12,-2.75162618385e-12,-6.45977936173e-08
1.3,floor,heinz,50,-2.66497260927e-05,-0.00233921378514,-3.06085676708e-06,0.0,0.0,-1.0,9.48554191939e-06,-0.000121349948227,9.36880030822,7.71228003335e-12,1.85253288404e-12,-1.15309240759e-07
1.31,floor,heinz,50,0.000625353588624,-0.00173848380861,-3.06070989637e-06,0.0,0.0,-1.0,2.44606884707e-05,-9.68237749021e-05,9.36879950058,7.11730934605e-12,6.15515971525e-12,-1.58671584174e-07
1.32,floor,heinz,50,0.000456201908341,-0.000327980490195,-3.06219510015e-06,0.0,0.0,-1.0,0.00251936140543,-0.00659966679132,9.36914284686,1.02919972891e-11,6.72725590511e-12,-1.42747809014e-05
1.33,floor,heinz,50,0.00199768357693,-0.00113027715499,-3.05465269415e-06,0.0,0.0,-1.0,3.20634825154e-05,-7.6298007163e-06,9.36879876622,4.83269761015e-12,1.49918593165e-11,-1.31473547825e-07
1.34,floor,heinz,50,0.00167049357669,2.97694896e-05,-3.05492416291e-06,0.0,0.0,-1.0,-1.93236481894e-05,0.000143123254412,9.36879738269,-5.28921090953e-12,1.00196318256e-11,1.68002258904e-07
1.35,floor,heinz,50,0.000229055221127,0.00209565616879,-3.05888447799e-06,0.0,0.0,-1.0,0.000449588889959,-0.00230344612375,9.36872411304,-3.2893424963e-11,-1.03802123147e-12,-3.25850573977e-06
1.36,floor,heinz,50,-0.000382843101314,0.00258677281719,-3.05622169318e-06,0.0,0.0,-1.0,3.5526033012e-05,-3.84846384693e-05,9.36879675397,-1.65951120033e-11,-4.01323852622e-12,-1.64966760269e-07
1.37,floor,heinz,50,-0.000755333109322,0.00288001951733,-3.05251261061e-06,0.0,0.0,-1.0,0.000260773290158,-0.000676088242345,9.36877745709,-1.19087834212e-11,-4.92817418818e-12,-1.46420476119e-06
1.38,floor,heinz,50,-0.00333070308882,0.00341258948353,-3.05310331907e-06,0.0,0.0,-1.0,1.16481067515e-05,0.00215720110667,9.36898222659,-1.17917091022e-12,-4.51065400309e-12,1.33488082162e-06
1.39,floor,heinz,50,-0.00647661141375,0.00158613786333,-3.05419971056e-06,0.0,0.0,-1.0,0.000577162589642,0.00151097003753,9.36879231583,-2.07567123212e-12,-7.20249641178e-12,-1.30691779851e-06
1.4,floor,heinz,50,-0.00593134804582,-0.00417223879555,-3.05734185505e-06,0.0,0.0,-1.0,-0.00211678805472,0.00581200355893,9.36867244407,2.14285429678e-11,-2.35154855657e-11,1.19950320286e-05
1.41,floor,heinz,50,-0.00196981797866,-0.00499794211145,-3.05731320237e-06,0.0,0.0,-1.0,-0.0020807237296,0.00448447406133,9.36848247387,1.34375726692e-11,-6.82457389212e-12,1.1035332679e-05
1.42,floor,heinz,50,0.000526175238876,-0.0044466187665,-3.05640738662e-06,0.0,0.0,-1.0,-0.000261942195851,-9.39090151148e-05,9.36879724975,1.42067616352e-11,3.85988983831e-13,9.78271780428e-07
1.43,floor,heinz,50,0.0019649452242,-0.00474124880907,-3.05196773221e-06,0.0,0.0,-1.0,-0.00180217887812,0.00209523931044,9.36848130995,1.10413314776e-11,8.7576647323e-13,8.43360057446e-06
1.44,floor,heinz,50,0.00185913521114,-0.00275350879025,-3.05250892155e-06,0.0,0.0,-1.0,-0.000588796505854,0.000798996261081,9.36871083503,1.10350617533e-11,7.91701773584e-12,2.83415026001e-06
1.45,floor,heinz,50,0.00143053026031,-0.0012992305005,-3.05302038572e-06,0.0,0.0,-1.0,2.94615747171e-05,-1.0411906826e-05,9.36879859276,5.58208514134e-12,1.1435533076e-11,-1.23007523253e-07
1.46,floor,heinz,50,0.000322106898984,0.00153862946002,-3.05995232393e-06,0.0,0.0,-1.0,-0.00091860718602,0.00117306701305,9.368820542,-1.69005820623e-11,9.88738691615e-12,4.37337538275e-06
1.47,floor,heinz,50,0.00167049357672,2.97694895269e-05,-3.04934258033e-06,0.0,0.0,-1.0,2.93188025908e-05,1.20634557008e-05,9.36879866467,-3.20977966428e-12,9.76073041836e-12,-1.08028825536e-07
1.48,floor,heinz,50,0.000424706908034,0.00159748282546,-3.05149376359e-06,0.0,0.0,-1.0,6.42626358316e-05,-0.000187673185355,9.36879531211,-1.2514162883e-11,1.0078118895e-12,-3.73956733988e-07
1.49,floor,heinz,50,0.000257923554131,0.00148144280804,-3.04767162304e-06,0.0,0.0,-1.0,-0.000375983322614,0.00151823429656,9.36884724014,-4.95582437934e-12,5.42230323142e-13,2.45435861242e-06
1.5,floor,heinz,50,-0.00348008147271,0.00409052948229,-3.05266625202e-06,0.0,0.0,-1.0,0.00250677448392,-0.00284638081003,9.36847236349,-1.455613928e-11,-2.18476617006e-11,-1.17556122425e-05
1.51,floor,heinz,50,-0.00624068972283,0.00276284950088,-3.05186096109e-06,0.0,0.0,-1.0,0.00252263454988,0.000734209994362,9.36859879863,-1.29773232091e-12,-7.63304697227e-12,-9.47285169624e-06
1.52,floor,heinz,50,-0.00665488806269,-0.00323223880912,-3.05524662804e-06,0.0,0.0,-1.0,-0.00157694117775,0.0027940524083,9.36884071742,1.18017501154e-11,-1.55638401472e-11,7.98549626689e-06
1.53,floor,heinz,50,-0.00322924300764,-0.00325264381306,-3.05542491815e-06,0.0,0.0,-1.0,-0.000608735010831,-0.00103051596499,9.36889985273,8.47232700663e-12,-5.76511494793e-12,1.74297672682e-06
1.54,floor,heinz,50,-0.000444839727987,-0.0047193404193,-3.0538525964e-06,0.0,0.0,-1.0,-0.00139367400584,0.00344208810149,9.36850860715,4.73347142732e-12,-3.5837270651e-12,7.68359578961e-06
1.55,floor,heinz,50,0.00198862521828,-0.00475320877916,-3.05159374828e-06,0.0,0.0,-1.0,-0.000542748176753,0.00112791986744,9.36872697518,1.20700849489e-11,2.73711869142e-12,2.86876674869e-06
1.56,floor,heinz,50,0.00188941521817,-0.00275969878851,-3.05184719992e-06,0.0,0.0,-1.0,-0.00212801693823,0.00281189708118,9.36855954671,7.9330682648e-13,5.44727284113e-12,1.01725717216e-05
1.57,floor,heinz,50,0.00143053026033,-0.00129923050057,-3.05216306146e-06,0.0,0.0,-1.0,-5.15230086391e-05,-0.000372423582172,9.36880529436,6.47057537759e-12,1.18320960668e-11,-3.60685449414e-08
1.58,floor,heinz,50,-0.000207738099245,0.00194726950511,-3.06076608768e-06,0.0,0.0,-1.0,0.00401331291227,-0.00795398012019,9.368903881,-6.11871981034e-11,-2.44927082088e-11,-2.11247070207e-05
1.59,floor,heinz,50,0.00167049357674,2.97694894614e-05,-3.04862171353e-06,0.0,0.0,-1.0,2.97235726232e-05,1.25995062732e-05,9.36879869709,-3.27669271924e-12,8.95536856477e-12,-1.09282353095e-07
1.6,floor,heinz,50,0.000403856905297,0.00156988280152,-3.05057215398e-06,0.0,0.0,-1.0,-3.41215954927e-05,0.000297889986215,9.3688025793,-1.12135461507e-11,8.17439865797e-13,3.25472299633e-07
1.61,floor,heinz,50,4.889691805e-05,0.00196887950675,-3.04793448256e-06,0.0,0.0,-1.0,-3.79905021752e-06,9.10335528498e-05,9.36879975759,-7.38818858523e-12,-6.2044206578e-13,7.3347106039e-08
1.62,floor,heinz,50,-0.00193713977388,0.00308505614883,-3.04861557606e-06,0.0,0.0,-1.0,-7.96968292708e-05,0.00181818640604,9.36893364352,-1.49573105637e-12,-2.97229515306e-12,1.47842078086e-06
1.63,floor,heinz,50,-0.0062406897228,0.0027628495009,-3.05081117881e-06,0.0,0.0,-1.0,0.00213401407037,0.00236861033632,9.36876328749,-3.45502315993e-12,-1.05357042535e-11,-6.87722248921e-06
1.64,floor,heinz,50,-0.00735288472512,-0.00183684213349,-3.05211871711e-06,0.0,0.0,-1.0,-2.32885511139e-05,-0.00142182087172,9.36886249046,-2.0487951613e-14,1.0481875784e-12,-8.16204453547e-07
1.65,floor,heinz,50,-0.00322924300763,-0.0032526438131,-3.05422188022e-06,0.0,0.0,-1.0,-0.00060870873678,-0.00103053626512,9.36889988597,8.48781548518e-12,-5.7763073838e-12,1.74285251035e-06
1.66,floor,heinz,50,-0.000444839727987,-0.00471934041936,-3.05274825446e-06,0.0,0.0,-1.0,-0.00139366215111,0.00344206522723,9.36850863622,4.93135350263e-12,-3.54091929389e-12,7.68354252428e-06
1.67,floor,heinz,50,0.00198862521828,-0.00475320877923,-3.05056608413e-06,0.0,0.0,-1.0,-0.000534270244633,0.00111677286573,9.36872854311,1.20913882205e-11,2.77742065458e-12,2.82824293002e-06
1.68,floor,heinz,50,0.00188941521818,-0.00275969878858,-3.05098442891e-06,0.0,0.0,-1.0,-0.00212801959126,0.00281197889488,9.36855957054,7.61573096253e-13,5.5036739055e-12,1.01726589361e-05
1.69,floor,heinz,50,0.00143053026035,-0.00129923050064,-3.05144472922e-06,0.0,0.0,-1.0,-7.84012136434e-05,-0.000392955012491,9.36880489215,6.68836036902e-12,1.22605189889e-11,5.72554116391e-08
1.7,floor,heinz,50,-0.000207738099212,0.00194726950506,-3.06027020574e-06,0.0,0.0,-1.0,0.00401327187893,-0.00795385694668,9.36890389514,-6.18671537611e-11,-2.46954262595e-11,-2.11244532471e-05
1.71,floor,heinz,50,0.00167049357677,2.97694893965e-05,-3.04800867255e-06,0.0,0.0,-1.0,2.97015992386e-05,1.22278089696e-05,9.36879871111,-3.52575650966e-12,9.44652168988e-12,-1.09434457591e-07
1.72,floor,heinz,50,0.000696666929976,0.000967756173896,-3.04813989806e-06,0.0,0.0,-1.0,-0.000473001963577,0.00165125194838,9.36883267612,-7.38319214794e-12,2.4120592676e-12,2.92199418114e-06
1.73,floor,heinz,50,4.88969180826e-05,0.00196887950669,-3.0475310967e-06,0.0,0.0,-1.0,-3.98607053875e-06,9.12763790986e-05,9.36879976992,-8.62637652282e-12,-8.29098074917e-13,7.42378837598e-08
1.74,floor,heinz,50,-0.00218436474979,0.00362853946843,-3.04927945974e-06,0.0,0.0,-1.0,7.64813923862e-05,-0.000214377611841,9.36878847462,-8.39578363429e-12,-6.281957593e-12,-4.39978407475e-07
1.75,floor,heinz,50,-0.00518227975186,0.0035671295079,-3.04928029981e-06,0.0,0.0,-1.0,0.00135082167987,0.00250131498096,9.36893576155,-4.84580908386e-12,-9.16913767135e-12,-3.71540400419e-06
1.76,floor,heinz,50,-0.0080199096922,-0.000763317131747,-3.05091177176e-06,0.0,0.0,-1.0,0.00160436035956,0.00012931373531,9.36861963029,-2.95039166709e-13,6.24457083265e-13,-6.23378373102e-06
1.77,floor,heinz,50,-0.00359628297518,-0.00522546044238,-3.05475344018e-06,0.0,0.0,-1.0,-0.000350576468283,0.000763134374484,9.3687668757,7.74815801796e-12,-4.19803861812e-12,1.88189415811e-06
1.78,floor,heinz,50,-0.00140251639327,-0.00355391377355,-3.05412399879e-06,0.0,0.0,-1.0,1.50995824332e-05,-0.000295788688896,9.36880800001,7.7953177767e-12,-2.53136574202e-12,-2.50302863498e-07
1.79,floor,heinz,50,-2.66497260412e-05,-0.00233921378538,-3.05482367999e-06,0.0,0.0,-1.0,-1.40149921894e-05,-0.000523574454391,9.36880923315,9.07297197442e-12,2.02705473934e-12,-2.80451412803e-07
1.8,floor,heinz,50,0.000625353588688,-0.00173848380886,-3.05500822091e-06,0.0,0.0,-1.0,4.36092716052e-05,-0.000456315231904,9.36880579698,8.44661320054e-12,6.52179785871e-12,-4.64874990245e-07
1.81,floor,heinz,50,0.00185913521118,-0.00275350879047,-3.04813714529e-06,0.0,0.0,-1.0,3.19557991667e-05,-2.87476829847e-05,9.36879959699,1.99521657876e-11,1.16668194203e-11,-1.44637476155e-07
1.82,floor,heinz,50,0.00199768357701,-0.00113027715526,-3.04953712896e-06,0.0,0.0,-1.0,1.62131020951e-05,-2.02168385553e-05,9.36879850737,4.59369825165e-12,1.49059159113e-11,-7.67790129188e-08
1.83,floor,heinz,50,0.00167049357678,2.97694893475e-05,-3.05008900554e-06,0.0,0.0,-1.0,-0.000328496424179,0.000740068453867,9.36878986617,-6.51412691149e-12,9.37698009518e-12,1.7705429605e-06
1.84,floor,heinz,50,0.000246016895631,0.00150850279494,-3.0524438814e-06,0.0,0.0,-1.0,0.00260139389546,-0.00374215901781,9.36884843055,-2.24104164046e-11,-8.04627545148e-12,-1.27239975619e-05
1.85,floor,heinz,50,-0.000382843101162,0.00258677281695,-3.05190674665e-06,0.0,0.0,-1.0,0.000221317381838,-0.000445139152993,9.36878677191,-1.96341627852e-11,-5.23158426302e-12,-1.15990892133e-06
1.86,floor,heinz,50,-0.000755333109129,0.00288001951703,-3.04842119945e-06,0.0,0.0,-1.0,0.00191146621852,-0.00385527214503,9.36864282435,-1.98050117972e-11,-1.12438860306e-11,-1.00566097512e-05
1.87,floor,heinz,50,-0.00348008147263,0.00409052948222,-3.04956943899e-06,0.0,0.0,-1.0,0.000328194128294,-0.000533468304674,9.36876635252,-6.7359429666e-12,-7.71522776222e-12,-1.64026513725e-06
1.88,floor,heinz,50,-0.00623764813008,0.00193642123122,-3.05003675918e-06,0.0,0.0,-1.0,0.00128212726163,-0.000205722592364,9.3686338349,2.18854448453e-13,-3.04960397213e-12,-5.18611471334e-06
1.89,floor,heinz,50,-0.00707499138592,-0.00174970879183,-3.05082080567e-06,0.0,0.0,-1.0,0.000552625404219,-0.00385369219356,9.36892013934,-1.89237818124e-12,9.63651901331e-12,-4.64917504184e-06
1.9,floor,heinz,50,-0.0032292430076,-0.00325264381316,-3.05284717884e-06,0.0,0.0,-1.0,-0.000112017649667,-0.000231765410696,9.36880752719,4.74786703009e-12,-4.34863343252e-12,2.93733790011e-07
1.91,floor,heinz,50,0.000526175238845,-0.00444661876675,-3.05341072167e-06,0.0,0.0,-1.0,-0.00208730643454,-0.000123522235924,9.3688015923,2.81678456601e-11,1.02442533623e-12,8.15998517686e-06
1.92,floor,heinz,50,0.000998016917295,-0.00380658378162,-3.05048579056e-06,0.0,0.0,-1.0,0.00213582126401,-0.00246453758931,9.36914506638,2.44205007778e-11,5.22443460022e-12,-1.004077173e-05
1.93,floor,heinz,50,0.00143137026151,-0.00243093378169,-3.05050242701e-06,0.0,0.0,-1.0,0.000504145633846,-0.000545860203899,9.36887677633,1.50048766814e-11,8.22384087912e-12,-2.34004337227e-06
1.94,floor,heinz,50,0.00143053026038,-0.00129923050076,-3.05023901369e-06,0.0,0.0,-1.0,1.39782788486e-05,-7.68163436582e-05,9.36879902058,5.4247791155e-12,1.10771843087e-11,-1.04167940956e-07
1.95,floor,heinz,50,-0.000207738099225,0.0019472695051,-3.05904785473e-06,0.0,0.0,-1.0,0.000535358962794,-0.00142223558949,9.36877206741,-3.60211530742e-11,-3.24962366044e-12,-3.03140774733e-06
1.96,floor,heinz,50,0.00167049357681,2.97694892605e-05,-3.04689180265e-06,0.0,0.0,-1.0,2.95553707896e-05,1.20439356578e-05,9.36879873615,-3.30072080779e-12,9.45695778631e-12,-1.0897470155e-07
1.97,floor,heinz,50,0.00042470690817,0.00159748282519,-3.04910422978e-06,0.0,0.0,-1.0,0.000368044589496,-0.00121554474791,9.36876669602,-1.4553401019e-11,9.9858055852e-13,-2.23518798965e-06
1.98,floor,heinz,50,4.88969181509e-05,0.00196887950657,-3.04654739553e-06,0.0,0.0,-1.0,8.31696143033e-06,5.03142918362e-05,9.36879904661,-7.7386838257e-12,-6.71284208775e-13,-5.86153124778e-10
1.99,floor,heinz,50,-0.00193713977376,0.00308505614865,-3.04738262625e-06,0.0,0.0,-1.0,-2.00300287284e-05,0.000334203361385,9.36880929566,-4.59727785354e-12,-3.80220074175e-12,2.93798109561e-07
2.0,floor,heinz,50,-0.00624068972269,0.00276284950081,-3.04995524148e-06,0.0,0.0,-1.0,0.00213383967107,0.00236887188873,9.36876333129,-3.51196502435e-12,-1.13885073247e-11,-6.87639425368e-06
2.01,floor,heinz,50,-0.00740351969572,-0.00181973378441,-3.05138626476e-06,0.0,0.0,-1.0,0.000237149550657,-0.000782384384514,9.36882565469,-3.86006331066e-14,1.45741058111e-13,-1.42391019598e-06
2.02,floor,heinz,50,-0.0035339796663,-0.003605117123,-3.05372784405e-06,0.0,0.0,-1.0,0.000524390962597,-0.00364887496705,9.36908991844,4.64093650662e-12,-1.84413075088e-12,-4.41805315849e-06
2.03,floor,heinz,50,-0.00140251639326,-0.00355391377365,-3.05297979326e-06,0.0,0.0,-1.0,-5.93525582072e-07,-6.19003410385e-05,9.36879989372,8.36129126006e-12,-2.98652769182e-12,-3.74498167217e-08
2.04,floor,heinz,50,-2.66497260163e-05,-0.00233921378549,-3.05368453274e-06,0.0,0.0,-1.0,1.41407386639e-05,-4.69284128156e-05,9.3687989067,7.65179065942e-12,1.81495270202e-12,-8.59585498318e-08
2.05,floor,heinz,50,0.000625353588717,-0.00173848380898,-3.05387805034e-06,0.0,0.0,-1.0,2.22125592061e-05,-3.16274873361e-05,9.36879859959,7.0062935488e-12,6.10602714224e-12,-1.07996614956e-07
2.06,floor,heinz,50,0.00136060187514,-0.00150284546835,-3.05152353563e-06,0.0,0.0,-1.0,-0.00159325023702,0.00180070339273,9.3686777092,-8.19969959986e-13,1.29674595714e-11,7.42898098631e-06
2.07,floor,heinz,50,0.00199768357705,-0.0011302771554,-3.04848182276e-06,0.0,0.0,-1.0,3.41629430185e-05,-5.30140827691e-06,9.36879897464,5.09904184848e-12,1.51255015457e-11,-1.38297226826e-07
2.08,floor,heinz,50,0.00167049357684,2.97694891939e-05,-3.04904184907e-06,0.0,0.0,-1.0,2.33169481585e-05,3.60392614479e-05,9.36879854774,-4.82875458369e-12,1.01426757618e-11,-6.89796677093e-08
2.09,floor,heinz,50,0.000229055221325,0.00209565616847,-3.05325521915e-06,0.0,0.0,-1.0,6.8758871218e-05,-0.000385581794283,9.36878957727,-2.31611821735e-11,-7.48065671907e-13,-5.18523538928e-07
2.1,floor,heinz,50,-0.000382843101093,0.00258677281684,-3.05086923563e-06,0.0,0.0,-1.0,9.60153699311e-06,3.53763484677e-05,9.36879878505,-1.50677560706e-11,-3.69188880855e-12,-1.52351485299e-08
2.11,floor,heinz,50,-0.000755333109097,0.00288001951701,-3.04742909527e-06,0.0,0.0,-1.0,3.58298017207e-05,-8.10894199276e-05,9.36879539742,-9.43537739259e-12,-3.70086513518e-12,-1.93505482884e-07
2.12,floor,heinz,50,-0.00334363480389,0.00396080612801,-3.04828759475e-06,0.0,0.0,-1.0,-8.55687798996e-06,-0.0012805657862,9.36867585045,-4.90354978844e-12,-4.0472243612e-12,-7.83987844944e-07
2.13,floor,heinz,50,-0.00611072970562,0.00115282619659,-3.04992741002e-06,0.0,0.0,-1.0,-0.000749294464992,0.0012068949217,9.36892282455,-2.40768689708e-12,-6.76739480426e-12,3.72603153904e-06
2.14,floor,heinz,50,-0.00596262135584,-0.00290345212272,-3.05193862995e-06,0.0,0.0,-1.0,-0.000394885946384,-0.0025525992171,9.36903800569,1.53087048246e-12,-5.82721371156e-13,-5.67442003328e-08
2.15,floor,heinz,50,-0.00321584302658,-0.00329947380438,-3.05205098428e-06,0.0,0.0,-1.0,0.00173524760279,-0.00374529673501,9.3690934011,2.79154650784e-12,-3.48122572436e-13,-9.27735118311e-06
2.16,floor,heinz,50,3.5603568091e-05,-0.00326681377862,-3.05373663266e-06,0.0,0.0,-1.0,0.000785115531369,-0.00346249439753,9.36910180973,2.01916430624e-11,1.06409759476e-12,-5.33716241154e-06
2.17,floor,heinz,50,0.00196494522424,-0.00474124880952,-3.04814647873e-06,0.0,0.0,-1.0,-0.000223865867338,0.000332149377781,9.36877487644,2.13911900346e-11,4.625914235e-12,1.09947568867e-06
2.18,floor,heinz,50,0.00185913521121,-0.00275350879068,-3.04885503186e-06,0.0,0.0,-1.0,-4.97920016325e-05,0.000120073450319,9.36879303855,1.59983185553e-11,9.53834494027e-12,2.74192240516e-07
2.19,floor,heinz,50,0.00199768357705,-0.00113027715548,-3.05009437985e-06,0.0,0.0,-1.0,-0.000895509010244,-0.000452059529921,9.36874614428,5.52476423984e-12,1.82700321885e-11,3.24652248551e-06
2.2,floor,heinz,50,0.000322106899193,0.00153862945964,-3.05657445567e-06,0.0,0.0,-1.0,-0.000116003208019,0.000239970398683,9.36880003426,-2.00181282141e-11,3.95451119767e-12,6.12055377171e-07
2.21,floor,heinz,50,0.00167049357686,2.97694891235e-05,-3.04616952258e-06,0.0,0.0,-1.0,2.91646510761e-05,1.19946897815e-05,9.36879874388,-3.01458684404e-12,9.81238961612e-12,-1.07464218941e-07
2.22,floor,heinz,50,-0.000382843101019,0.00258677281672,-3.05219786624e-06,0.0,0.0,-1.0,0.00154807745676,-0.00268018482432,9.36870842544,-2.95105051507e-11,-1.25575652307e-11,-7.85257803364e-06
2.23,floor,heinz,50,-0.000755333109014,0.00288001951687,-3.04873737296e-06,0.0,0.0,-1.0,0.00186519465634,-0.00363829233272,9.36864511984,-2.013006992e-11,-1.1478220284e-11,-9.73192095057e-06
2.24,floor,heinz,50,-0.00348008147249,0.0040905294821,-3.04987281296e-06,0.0,0.0,-1.0,0.000325983195975,-0.000483810714334,9.36876856537,-6.88279468142e-12,-7.92613457506e-12,-1.59943095835e-06
2.25,floor,heinz,50,-0.00623764813001,0.0019364212312,-3.05000416295e-06,0.0,0.0,-1.0,7.77991154033e-05,0.00220786243534,9.36892691432,-3.54779877351e-12,-8.5021191476e-12,1.10713993255e-06
2.26,floor,heinz,50,-0.00707499138587,-0.00174970879191,-3.05099262739e-06,0.0,0.0,-1.0,0.00055260862443,-0.00385364921757,9.3689201353,-1.84594440428e-12,9.52405775773e-12,-4.64907201899e-06
2.27,floor,heinz,50,-0.00322924300758,-0.00325264381329,-3.05296391012e-06,0.0,0.0,-1.0,-0.000112033928628,-0.000231728596662,9.36880752336,4.75628694416e-12,-4.35886136213e-12,2.9382325627e-07
2.28,floor,heinz,50,0.000526175238853,-0.00444661876694,-3.05348228155e-06,0.0,0.0,-1.0,-0.00208732777472,-0.000123487599853,9.36880159021,2.81845709965e-11,9.40475995692e-13,8.16010622626e-06
2.29,floor,heinz,50,0.00196494522425,-0.0047412488096,-3.04935268874e-06,0.0,0.0,-1.0,5.83725609564e-06,0.000134780389008,9.36879510323,1.90548991516e-11,4.50308106775e-12,6.41771985103e-08
2.3,floor,heinz,50,0.00143137026155,-0.00243093378189,-3.05043808865e-06,0.0,0.0,-1.0,0.000504158865585,-0.000545934877021,9.36887677721,1.47557552115e-11,8.07638417949e-12,-2.34013917448e-06
2.31,floor,heinz,50,0.00143053026044,-0.00129923050096,-3.0500937845e-06,0.0,0.0,-1.0,1.78727820584e-05,-7.32189499511e-05,9.36879908739,5.31412457441e-12,1.08115573785e-11,-1.17283080963e-07
2.32,floor,heinz,50,-0.000207738099122,0.00194726950492,-3.05873348024e-06,0.0,0.0,-1.0,0.000535414979549,-0.00142232534957,9.36877207446,-3.54309702237e-11,-3.15076090218e-12,-3.03169417437e-06
2.33,floor,heinz,50,0.00167049357689,2.97694890581e-05,-3.04673222567e-06,0.0,0.0,-1.0,2.96705781635e-05,1.19451085123e-05,9.36879874415,-3.0725569658e-12,8.97746287032e-12,-1.09491703248e-07
2.34,floor,heinz,50,0.000424706908258,0.00159748282504,-3.04878694615e-06,0.0,0.0,-1.0,-5.38232545353e-05,0.000119971144588,9.36879676275,-1.11811272047e-11,1.1892318727e-12,2.89283427329e-07
2.35,floor,heinz,50,4.88969182535e-05,0.00196887950639,-3.0461940496e-06,0.0,0.0,-1.0,8.45606218568e-06,5.00864077285e-05,9.36879905345,-6.99724349643e-12,-5.44258214885e-13,-1.27960927691e-09
2.36,floor,heinz,50,-0.0034800814724,0.004090529482,-3.04978104179e-06,0.0,0.0,-1.0,0.00250701049295,-0.00284643620876,9.36847244229,-1.38049797288e-11,-2.07061806937e-11,-1.17566904581e-05
2.37,floor,heinz,50,-0.00543529473716,0.00177333784573,-3.04952178528e-06,0.0,0.0,-1.0,-0.00156564680522,0.0033719786284,9.36913357681,-5.57591386258e-12,-8.52177876876e-12,8.3101902135e-06
2.38,floor,heinz,50,-0.00707499138589,-0.00174970879184,-3.05066787835e-06,0.0,0.0,-1.0,-0.000794304061929,-0.000362310645509,9.36889733655,2.22315091683e-12,-6.555803643e-12,2.89993105356e-06
2.39,floor,heinz,50,-0.00322924300757,-0.00325264381334,-3.05269975043e-06,0.0,0.0,-1.0,-0.000112011172364,-0.000231753097343,9.36880753052,4.77249273087e-12,-4.37198194314e-12,2.93716134151e-07
2.4,floor,heinz,50,0.000526175238855,-0.004446618767,-3.05327372054e-06,0.0,0.0,-1.0,-0.00208730213736,-0.000123510025559,9.36880159589,2.82403826886e-11,1.01808058511e-12,8.159980619e-06
2.41,floor,heinz,50,0.000998016917318,-0.00380658378187,-3.05035951928e-06,0.0,0.0,-1.0,0.00213582885008,-0.00246453006979,9.36914507065,2.44861839138e-11,5.24094569826e-12,-1.0040804163e-05
2.42,floor,heinz,50,0.00143137026156,-0.00243093378195,-3.05038909413e-06,0.0,0.0,-1.0,0.000504150935804,-0.000545852475777,9.36887677937,1.50295951899e-11,8.24539308358e-12,-2.34006088552e-06
2.43,floor,heinz,50,0.00143053026046,-0.00129923050103,-3.05013584782e-06,0.0,0.0,-1.0,1.39828225288e-05,-7.68058587578e-05,9.36879902326,5.42400976564e-12,1.11015831944e-11,-1.04179250489e-07
2.44,floor,heinz,50,-0.000207738099089,0.00194726950487,-3.05895898958e-06,0.0,0.0,-1.0,0.000535363994856,-0.00142222620569,9.36877206998,-3.60932885142e-11,-3.24324421486e-12,-3.03142383382e-06
2.45,floor,heinz,50,0.00167049357691,2.97694889931e-05,-3.04680393174e-06,0.0,0.0,-1.0,2.95599081744e-05,1.20529760025e-05,9.36879873859,-3.31794227509e-12,9.4689204394e-12,-1.08986862515e-07
2.46,floor,heinz,50,0.000424706908299,0.00159748282495,-3.04902403156e-06,0.0,0.0,-1.0,0.000368048671602,-0.00121553562362,9.36876669796,-1.45898258752e-11,9.98297798593e-13,-2.23519979093e-06
2.47,floor,heinz,50,4.88969182862e-05,0.00196887950633,-3.04640673908e-06,0.0,0.0,-1.0,8.26273976362e-06,5.04345884677e-05,9.36879905181,-8.1853425947e-12,-7.51663488396e-13,-2.95768772425e-10
2.48,floor,heinz,50,-0.0019371397736,0.00308505614849,-3.0474112708e-06,0.0,0.0,-1.0,-7.99303329469e-05,0.00181835163982,9.36893368448,-1.88348772343e-12,-3.47212709972e-12,1.4793609711e-06
2.49,floor,heinz,50,-0.00518227975158,0.00356712950757,-3.04792663232e-06,0.0,0.0,-1.0,0.00229012694472,-0.0025912790772,9.36845146207,1.54917398354e-12,-3.07671249589e-12,-1.07278712859e-05
2.5,floor,heinz,50,-0.00743899804863,-0.00220847544682,-3.05200236414e-06,0.0,0.0,-1.0,-0.00182766926438,0.00452054182871,9.36889405843,1.09669044679e-11,-2.62370854209e-11,1.00539571589e-05
2.51,floor,heinz,50,-0.00318999302932,-0.00485950710736,-3.054526683e-06,0.0,0.0,-1.0,-0.000989508284897,-0.00107885558406,9.368954797,1.24977580368e-11,-5.68920258126e-12,3.21811785307e-06
2.52,floor,heinz,50,-0.00140251639323,-0.00355391377386,-3.05349746972e-06,0.0,0.0,-1.0,-1.60685346229e-06,-0.000114536696959,9.36880170146,8.08527116786e-12,-2.79884969367e-12,-6.73440186886e-08
2.53,floor,heinz,50,-2.66497259632e-05,-0.00233921378573,-3.05423717464e-06,0.0,0.0,-1.0,9.5223000465e-06,-0.000121325251947,9.36880048233,7.77721333514e-12,1.89167691927e-12,-1.15439383634e-07
2.54,floor,heinz,50,0.000625353588783,-0.00173848380923,-3.05444288115e-06,0.0,0.0,-1.0,2.44955267054e-05,-9.6800610091e-05,9.36879966581,7.1293522301e-12,6.21698525993e-12,-1.58795014656e-07
2.55,floor,heinz,50,0.000456201908569,-0.000327980490806,-3.05625860394e-06,0.0,0.0,-1.0,0.00251939959953,-0.00659965320814,9.36914300377,1.01030542439e-11,6.72952405606e-12,-1.42749757159e-05
2.56,floor,heinz,50,0.00199768357712,-0.00113027715567,-3.04904294058e-06,0.0,0.0,-1.0,3.20883834301e-05,-7.61270162688e-06,9.36879891456,4.79780755056e-12,1.50306711522e-11,-1.31561046494e-07
2.57,floor,heinz,50,0.00167049357693,2.97694889427e-05,-3.04964574956e-06,0.0,0.0,-1.0,-0.000312210403315,0.000706744601171,9.36879027216,-6.12947149634e-12,9.07797361588e-12,1.68496284337e-06
2.58,floor,heinz,50,0.000229055221525,0.00209565616811,-3.05384377906e-06,0.0,0.0,-1.0,0.00268558306343,-0.00539133740993,9.36878507962,-3.94539440181e-11,-9.8160238618e-12,-1.41402248596e-05
2.59,floor,heinz,50,-0.000382843100938,0.0025867728166,-3.05141678061e-06,0.0,0.0,-1.0,0.000272294778369,-0.00066794160146,9.36878087338,-2.02304176015e-11,-5.45979927935e-12,-1.50446079432e-06
2.6,floor,heinz,50,-0.000755333108937,0.00288001951678,-3.04797678752e-06,0.0,0.0,-1.0,0.000254553490301,-0.000635365434898,9.3687788222,-1.22516692971e-11,-5.09390359754e-12,-1.4134559546e-06
2.61,floor,heinz,50,-0.00333277644839,0.00339737948448,-3.04885257007e-06,0.0,0.0,-1.0,2.24869149482e-05,0.00219203528778,9.36898513859,-9.48265771461e-13,-4.65675675104e-12,1.31452663776e-06
2.62,floor,heinz,50,-0.00767900139209,0.00254533951079,-3.04973002538e-06,0.0,0.0,-1.0,0.00261650637974,-0.00135184732304,9.36836751089,2.12995463281e-12,-3.45389515599e-13,-1.12048304071e-05
2.63,floor,heinz,50,-0.00593134804578,-0.00417223879582,-3.05399311477e-06,0.0,0.0,-1.0,-0.00246339582292,0.00681254200512,9.36868351222,2.6907483186e-11,-2.91198298114e-11,1.39940355113e-05
2.64,floor,heinz,50,-0.00322924300755,-0.00325264381342,-3.05302920595e-06,0.0,0.0,-1.0,-0.000111733997114,-0.000231641983172,9.36880751134,5.3223649446e-12,-4.87206195526e-12,2.92682711183e-07
2.65,floor,heinz,50,0.000526175238862,-0.00444661876712,-3.05393052057e-06,0.0,0.0,-1.0,-0.00208704758316,-0.000123458046754,9.36880157905,2.98847795469e-11,1.47355044833e-12,8.15901654946e-06
2.66,floor,heinz,50,0.00198862521829,-0.00475320877978,-3.04971894374e-06,0.0,0.0,-1.0,-0.000534119332587,0.00111707779356,9.36872855467,1.33943862946e-11,3.21052646274e-12,2.82790511638e-06
2.67,floor,heinz,50,0.00188941521826,-0.00275969878912,-3.05040009781e-06,0.0,0.0,-1.0,-0.00212796842531,0.00281218247416,9.3685595985,1.49791724163e-12,6.33271299982e-12,1.01727904784e-05
2.68,floor,heinz,50,0.00143053026049,-0.00129923050117,-3.05123174209e-06,0.0,0.0,-1.0,-4.73401773258e-05,-0.00040363592827,9.36880591785,6.96962843341e-12,1.34715485295e-11,-7.25699708342e-08
2.69,floor,heinz,50,0.00199768357714,-0.00113027715574,-3.04745839004e-06,0.0,0.0,-1.0,3.42038336129e-05,-4.74465691996e-06,9.36879899775,5.59952605117e-12,1.55069221353e-11,-1.38106456451e-07
2.7,floor,heinz,50,0.00167049357696,2.976948886e-05,-3.04808153952e-06,0.0,0.0,-1.0,2.96706990316e-05,1.33948876105e-05,9.36879870898,-4.53423973715e-12,1.04229940651e-11,-1.08568139008e-07
2.71,floor,heinz,50,0.000403856905577,0.001569882801,-3.05065554797e-06,0.0,0.0,-1.0,-0.000351063440214,0.00146826492986,9.36885222585,-1.15416860097e-11,1.18240920527e-12,2.32479182383e-06
2.72,floor,heinz,50,4.88969183364e-05,0.00196887950625,-3.048093303e-06,0.0,0.0,-1.0,-0.000788977835652,0.00151383886133,9.36886910168,-8.31025743012e-12,1.15582890481e-12,4.0784637934e-06
2.73,floor,heinz,50,-0.00177963308004,0.00319867280546,-3.04906501351e-06,0.0,0.0,-1.0,0.00199786602053,-0.000523543891665,9.36874420752,-1.06564444768e-11,-1.68983767951e-11,-8.22766992269e-06
2.74,floor,heinz,50,-0.00459302813611,0.00445851948781,-3.04962819418e-06,0.0,0.0,-1.0,0.00242915228191,-0.00220948253565,9.36847648358,-6.16328516001e-12,-1.37032512074e-11,-1.10326643457e-05
2.75,floor,heinz,50,-0.00771999138693,0.0013876111874,-3.05000384131e-06,0.0,0.0,-1.0,0.000404624961349,0.00371979327674,9.3689166933,-7.05027442677e-12,-1.7261709423e-11,7.90711324907e-07
2.76,floor,heinz,50,-0.00494091800547,-0.0046354854573,-3.05531223078e-06,0.0,0.0,-1.0,-0.00190330791508,0.00423528216297,9.36862921498,2.36541116555e-11,-1.81435188054e-11,1.01735498052e-05
2.77,floor,heinz,50,-0.00321584302654,-0.0032994738046,-3.05355598343e-06,0.0,0.0,-1.0,0.0017356057648,-0.00374850072216,9.36909350334,2.7071825684e-12,-4.83742386426e-13,-9.28119792431e-06
2.78,floor,heinz,50,0.000526175238869,-0.00444661876719,-3.05455439608e-06,0.0,0.0,-1.0,-0.00194601117232,-0.000657716255174,9.36882784224,3.55912053301e-11,1.2617771411e-12,7.26205721747e-06
2.79,floor,heinz,50,0.00198862521821,-0.00475320877972,-3.05002923998e-06,0.0,0.0,-1.0,-0.00402504661329,0.00640517910826,9.36815767367,-4.80552143217e-12,-9.10570230328e-13,1.98587582024e-05
2.8,floor,heinz,50,0.000625353588815,-0.00173848380935,-3.05336043094e-06,0.0,0.0,-1.0,2.2027241897e-05,-1.83049364031e-05,9.36879839591,7.4956538372e-12,6.89506524792e-12,-9.8727147259e-08
2.81,floor,heinz,50,0.000456201908565,-0.0003279804908,-3.05542240186e-06,0.0,0.0,-1.0,0.000320789559959,-0.0011944546142,9.36880521138,-5.00790945171e-12,8.08167335137e-12,-2.03640976433e-06
2.82,floor,heinz,50,0.00199768357716,-0.00113027715581,-3.04811232046e-06,0.0,0.0,-1.0,3.20839205169e-05,-7.24851558539e-06,9.36879893416,4.83674298529e-12,1.61092363407e-11,-1.31312027319e-07
2.83,floor,heinz,50,0.00167049357698,2.97694888052e-05,-3.04903739718e-06,0.0,0.0,-1.0,-0.000328667033745,0.000740967918464,9.36878989,-7.0666020778e-12,9.93599560267e-12,1.77179396778e-06
2.84,floor,heinz,50,0.00167049357698,2.97694887849e-05,-3.0448021575e-06,0.0,0.0,-1.0,2.88111415999e-05,1.23692160268e-05,9.36879876925,-3.4086952011e-12,1.08764663942e-11,-1.05831211984e-07
2.85,floor,heinz,50,-0.000382843100826,0.0025867728164,-3.05138814782e-06,0.0,0.0,-1.0,0.00191756755259,-0.00390073483483,9.36868112848,-3.61437845799e-11,-1.47965199121e-11,-1.01121682041e-05
2.86,floor,heinz,50,0.000257923554485,0.00148144280734,-3.04377055415e-06,0.0,0.0,-1.0,-4.15200212925e-05,0.000298337755565,9.36880246933,-6.22946009013e-12,7.09563484358e-13,3.54938462184e-07
2.87,floor,heinz,50,-0.00348008147222,0.00409052948183,-3.04956896074e-06,0.0,0.0,-1.0,0.00250638312514,-0.00284612452037,9.36847244684,-1.62129207629e-11,-2.40662394527e-11,-1.17537955677e-05
2.88,floor,heinz,50,-0.00509400646768,0.00287548618815,-3.04768035107e-06,0.0,0.0,-1.0,-0.000133286944235,0.0013446964001,9.36893765129,-3.83221102421e-12,-4.80145870979e-12,1.3817507764e-06
2.89,floor,heinz,50,-0.00743899804854,-0.00220847544699,-3.05144333372e-06,0.0,0.0,-1.0,-5.8824182166e-05,0.00063534663489,9.36878832726,2.85249037932e-12,-5.68729612016e-12,6.46510883312e-07
2.9,floor,heinz,50,-0.00318999302929,-0.00485950710748,-3.05390192642e-06,0.0,0.0,-1.0,-0.000199795529348,-0.000128352173166,9.36880816895,6.37503808423e-12,-3.46239183158e-12,7.08834035771e-07
2.91,floor,heinz,50,-0.0014025163932,-0.00355391377402,-3.0528150131e-06,0.0,0.0,-1.0,3.84723754472e-07,-9.83614845843e-05,9.3688011557,8.03882568151e-12,-2.79127242153e-12,-6.48136627403e-08
2.92,floor,heinz,50,-2.66497259213e-05,-0.00233921378591,-3.05359721096e-06,0.0,0.0,-1.0,9.54037616277e-06,-0.000121329668623,9.36880049945,7.77675753655e-12,1.90501087127e-12,-1.15513999724e-07
2.93,floor,heinz,50,0.000625353588833,-0.00173848380942,-3.05384043722e-06,0.0,0.0,-1.0,2.4512409242e-05,-9.68045463331e-05,9.36879968203,7.11481438001e-12,6.22550188484e-12,-1.58864497726e-07
2.94,floor,heinz,50,0.00045620190864,-0.000327980490997,-3.05568405736e-06,0.0,0.0,-1.0,0.00251941663301,-0.00659966118926,9.36914301919,9.99826653761e-12,6.70689545568e-12,-1.42750671684e-05
2.95,floor,heinz,50,0.00199768357718,-0.00113027715589,-3.04850781743e-06,0.0,0.0,-1.0,3.21036035908e-05,-7.61603007217e-06,9.36879892917,4.77462340498e-12,1.50148036365e-11,-1.31623283511e-07
2.96,floor,heinz,50,0.00167049357701,2.97694887221e-05,-3.04915646209e-06,0.0,0.0,-1.0,-1.93334420114e-05,0.000143148094518,9.3687975339,-5.57024782202e-12,1.03319306236e-11,1.68057233924e-07
2.97,floor,heinz,50,0.000229055221631,0.00209565616793,-3.0536385944e-06,0.0,0.0,-1.0,0.00268549880931,-0.00539108883176,9.36878508311,-4.13642262803e-11,-1.01494550611e-11,-1.41397403534e-05
2.98,floor,heinz,50,-0.000382843100827,0.00258677281643,-3.05128646e-06,0.0,0.0,-1.0,0.000220341179941,-0.000439109094819,9.36878695059,-2.03125866821e-11,-5.51811894789e-12,-1.15216909732e-06
2.99,floor,heinz,50,-0.00075533310882,0.0028800195166,-3.04788501768e-06,0.0,0.0,-1.0,0.000254463760438,-0.000635188404759,9.36877882926,-1.31022098553e-11,-5.45150469905e-12,-1.41298561238e-06
3.0,floor,heinz,50,-0.00348008147223,0.00409052948185,-3.049329328e-06,0.0,0.0,-1.0,2.00019833624e-05,-3.10449801129e-05,9.36879591999,-5.61316704922e-12,-6.07165619865e-12,-9.92023548558e-08
3.01,floor,heinz,50,-0.00623764812978,0.00193642123096,-3.04948379171e-06,0.0,0.0,-1.0,0.00128301424585,-0.00021168789145,9.36863369558,3.01835813288e-13,-3.12860761603e-12,-5.19355731698e-06
3.02,floor,heinz,50,-0.00707499138581,-0.00174970879198,-3.05008856033e-06,0.0,0.0,-1.0,-0.000794264988491,-0.000362380886048,9.36889734916,2.27461886132e-12,-6.74177727533e-12,2.89972286361e-06
3.03,floor,heinz,50,-0.00322924300752,-0.00325264381356,-3.05233105184e-06,0.0,0.0,-1.0,-0.000114699109656,-0.000237644149365,9.36880778257,4.91967404315e-12,-4.49165791366e-12,3.00554953199e-07
3.04,floor,heinz,50,0.000526175238873,-0.00444661876731,-3.0530111642e-06,0.0,0.0,-1.0,-0.00208723944251,-0.000123506943045,9.36880160294,2.860366978e-11,1.1390541288e-12,8.15973312512e-06
3.05,floor,heinz,50,0.00198862521829,-0.00475320877999,-3.04872872329e-06,0.0,0.0,-1.0,-0.000542729669953,0.00112853672326,9.36872702211,1.24766022166e-11,2.79436716821e-12,2.86909940448e-06
3.06,floor,heinz,50,0.0018894152183,-0.00275969878934,-3.04920384976e-06,0.0,0.0,-1.0,-0.0021280308502,0.00281218103398,9.36855961474,7.73746951926e-13,5.51701739848e-12,1.01728339175e-05
3.07,floor,heinz,50,0.00143053026055,-0.00129923050137,-3.04975707007e-06,0.0,0.0,-1.0,-7.83999188955e-05,-0.000392949594019,9.36880493708,6.68761053479e-12,1.22717738749e-11,5.72536159234e-08
3.08,floor,heinz,50,-0.000207738098838,0.00194726950441,-3.05867216324e-06,0.0,0.0,-1.0,0.0040132755523,-0.00795385355629,9.36890393725,-6.19213087923e-11,-2.4706555378e-11,-2.11244727525e-05
3.09,floor,heinz,50,0.00167049357704,2.97694886495e-05,-3.04649137247e-06,0.0,0.0,-1.0,2.97041924524e-05,1.22315855919e-05,9.36879875115,-3.53370067582e-12,9.45124447455e-12,-1.09442291117e-07
3.1,floor,heinz,50,0.000696666930299,0.000967756173201,-3.04670058087e-06,0.0,0.0,-1.0,-0.000473000948647,0.00165125660475,9.36883271388,-7.38697904928e-12,2.41445058391e-12,2.92199421555e-06
3.11,floor,heinz,50,4.88969184581e-05,0.00196887950603,-3.04616613085e-06,0.0,0.0,-1.0,-3.98373421888e-06,9.12797722101e-05,9.36879980598,-8.6324025185e-12,-8.30070387425e-13,7.42308772481e-08
3.12,floor,heinz,50,-0.00218436474933,0.00362853946789,-3.04798450518e-06,0.0,0.0,-1.0,7.64824054455e-05,-0.000214373963379,9.36878850857,-8.39872312322e-12,-6.28258209345e-12,-4.39980203445e-07
3.13,floor,heinz,50,-0.0051822797514,0.00356712950752,-3.04804911559e-06,0.0,0.0,-1.0,0.00135082379449,0.00250131801189,9.36893579397,-4.83133238277e-12,-9.16075462015e-12,-3.71541018615e-06
3.14,floor,heinz,50,-0.00801990969197,-0.000763317131977,-3.0497365186e-06,0.0,0.0,-1.0,0.00160436207999,0.000129317397081,9.36861966144,-3.01915176887e-13,6.35872431098e-13,-6.23378909983e-06
3.15,floor,heinz,50,-0.00359628297519,-0.00522546044285,-3.05363666553e-06,0.0,0.0,-1.0,-0.000350575025733,0.000763137361682,9.368766905,7.74803615364e-12,-4.20416305935e-12,1.88189083567e-06
3.16,floor,heinz,50,-0.00140251639319,-0.00355391377414,-3.05306751779e-06,0.0,0.0,-1.0,1.51014651177e-05,-0.000295786253284,9.36880802774,7.8044714788e-12,-2.53434859904e-12,-2.50308837525e-07
3.17,floor,heinz,50,-2.66497258957e-05,-0.00233921378604,-3.05382327575e-06,0.0,0.0,-1.0,-1.40131957823e-05,-0.000523572004555,9.36880925946,9.07935228736e-12,2.02934630905e-12,-2.80457093027e-07
3.18,floor,heinz,50,0.000625353588866,-0.00173848380955,-3.0540599156e-06,0.0,0.0,-1.0,4.36109568749e-05,-0.000456312963883,9.36880582195,8.44926385801e-12,6.52665508444e-12,-4.64880346869e-07
3.19,floor,heinz,50,0.0018591352113,-0.00275350879123,-3.04723715729e-06,0.0,0.0,-1.0,3.19573251767e-05,-2.87454451409e-05,9.36879962068,1.99587074298e-11,1.16720808366e-11,-1.4464208701e-07
3.2,floor,heinz,50,0.00199768357722,-0.00113027715603,-3.04868457404e-06,0.0,0.0,-1.0,1.62145532125e-05,-2.02147414764e-05,9.36879852985,4.59184816906e-12,1.49116621828e-11,-7.67834097464e-08
3.21,floor,heinz,50,0.00167049357706,2.97694886005e-05,-3.04928078152e-06,0.0,0.0,-1.0,-0.000328495138355,0.000740070552508,9.3687898875,-6.51834662635e-12,9.38122756561e-12,1.77053954569e-06
3.22,floor,heinz,50,0.00167049357706,2.97694885803e-05,-3.04503395189e-06,0.0,0.0,-1.0,2.89002784915e-05,1.21119611291e-05,9.36879876602,-3.04483651833e-12,1.03230011345e-11,-1.06346433281e-07
3.23,floor,heinz,50,-0.000382843100753,0.00258677281631,-3.05132120571e-06,0.0,0.0,-1.0,0.00022124092324,-0.000445015954799,9.36878678983,-2.04122864444e-11,-5.4477655026e-12,-1.15952656008e-06
3.24,floor,heinz,50,-0.000755333108706,0.00288001951642,-3.04788865657e-06,0.0,0.0,-1.0,0.00186507412217,-0.0036385866953,9.36864512958,-1.98660974823e-11,-1.13921086106e-11,-9.73150969559e-06
3.25,floor,heinz,50,-0.00348008147214,0.00409052948175,-3.04915456984e-06,0.0,0.0,-1.0,0.000328138763314,-0.000533405409085,9.36876636736,-7.03367485783e-12,-8.03855072784e-12,-1.64000419763e-06
3.26,floor,heinz,50,-0.0062376481297,0.0019364212309,-3.0493604117e-06,0.0,0.0,-1.0,0.00161379986207,-0.000166003481246,9.36862037035,6.60035394395e-13,-4.39705910571e-12,-6.47036319305e-06
3.27,floor,heinz,50,-0.0070749913858,-0.00174970879198,-3.05092177487e-06,0.0,0.0,-1.0,-0.00189494266221,0.00181704207762,9.36900234848,4.80455302279e-12,-1.99308911389e-11,8.60732082492e-06
3.28,floor,heinz,50,-0.00322924300752,-0.00325264381367,-3.05340355511e-06,0.0,0.0,-1.0,-0.0006083435193,-0.00103012823428,9.36889989312,9.21388442973e-12,-6.31078089092e-12,1.74161420641e-06
3.29,floor,heinz,50,-0.000444839727963,-0.0047193404201,-3.05239434889e-06,0.0,0.0,-1.0,-0.00139352035291,0.00344169898369,9.36850864642,6.38337603262e-12,-3.56845889643e-12,7.68295038545e-06
3.3,floor,heinz,50,0.00199378522957,-0.00475632878513,-3.05027315803e-06,0.0,0.0,-1.0,-0.00403508088824,0.00641514949044,9.3681560218,-3.8798773222e-12,-5.46868106355e-13,1.99036016918e-05
3.31,floor,heinz,50,0.000625353588882,-0.0017384838096,-3.05333049815e-06,0.0,0.0,-1.0,2.19582223137e-05,-1.96985546188e-05,9.36879841892,7.15272025636e-12,6.24277365913e-12,-9.93470744434e-08
3.32,floor,heinz,50,0.00136060187536,-0.00150284546905,-3.05102708261e-06,0.0,0.0,-1.0,-2.33859290958e-05,0.000412031472092,9.36880498232,4.76762596416e-12,1.07033184399e-11,3.58693104882e-07
3.33,floor,heinz,50,0.00199768357724,-0.00113027715609,-3.04802030422e-06,0.0,0.0,-1.0,3.43591477782e-05,-4.82129868627e-06,9.36879898849,5.29962488824e-12,1.53662672864e-11,-1.387684449e-07
3.34,floor,heinz,50,0.00167049357709,2.97694885163e-05,-3.04864790057e-06,0.0,0.0,-1.0,2.90440084861e-05,1.69307291884e-05,9.36879868315,-4.84960726091e-12,1.04767991158e-11,-1.03830932536e-07
3.35,floor,heinz,50,0.000229055221674,0.00209565616787,-3.05306969053e-06,0.0,0.0,-1.0,6.06808854138e-05,-0.000136212861024,9.36879533528,-2.23061096503e-11,-1.11637955824e-12,-3.2690016451e-07
3.36,floor,heinz,50,-0.00038284310072,0.00258677281627,-3.05071409977e-06,0.0,0.0,-1.0,9.44122356115e-06,3.56531214251e-05,9.36879879547,-1.54726799949e-11,-3.88040294341e-12,-1.44258472271e-08
3.37,floor,heinz,50,-0.00075533310871,0.00288001951645,-3.04732526318e-06,0.0,0.0,-1.0,5.1292145332e-06,3.18276532115e-05,9.36879881993,-9.22439208351e-12,-3.63256560248e-12,1.37993880865e-10
3.38,floor,heinz,50,-0.00334363480345,0.00396080612756,-3.04831802346e-06,0.0,0.0,-1.0,-1.14611639139e-05,-0.0015992458651,9.36866439786,-4.90872576961e-12,-3.91759194529e-12,-9.7796833749e-07
3.39,floor,heinz,50,-0.00611072970536,0.00115282619635,-3.04976650805e-06,0.0,0.0,-1.0,-0.0026862623218,0.00401954739972,9.36934795922,-7.31367787513e-12,-1.63682227494e-11,1.31067490402e-05
3.4,floor,heinz,50,-0.00596262135573,-0.00290345212303,-3.05177944497e-06,0.0,0.0,-1.0,-0.000394907553386,-0.00255259379772,9.36903801077,1.46957402844e-12,-5.19711010338e-13,-5.66431362219e-08
3.41,floor,heinz,50,-0.00321584302649,-0.00329947380482,-3.05187513432e-06,0.0,0.0,-1.0,0.00173522285648,-0.00374528939724,9.36909340671,2.82364626472e-12,-3.52187896902e-13,-9.27723334348e-06
3.42,floor,heinz,50,3.56035681841e-05,-0.00326681377922,-3.05354255259e-06,0.0,0.0,-1.0,0.000785095534875,-0.00346248536135,9.36910181513,2.02432137893e-11,1.05901485498e-12,-5.33706340695e-06
3.43,floor,heinz,50,0.00044863190749,-0.00231532383739,-3.05334860919e-06,0.0,0.0,-1.0,0.00294354945768,-0.00698291345368,9.36946809565,4.38895382711e-11,7.09104476526e-12,-1.6216574412e-05
3.44,floor,heinz,50,0.00185913521132,-0.00275350879134,-3.0483514706e-06,0.0,0.0,-1.0,-0.000668970168413,0.00098775278375,9.36870455712,9.46377828534e-12,7.24929491436e-12,3.27126179873e-06
3.45,floor,heinz,50,0.00143053026061,-0.00129923050156,-3.04885324089e-06,0.0,0.0,-1.0,2.94356271415e-05,-1.05303269241e-05,9.36879870427,5.44713666534e-12,1.07392124707e-11,-1.22979697695e-07
3.46,floor,heinz,50,0.000322106899497,0.00153862945905,-3.05568980844e-06,0.0,0.0,-1.0,-0.000950771160488,0.00127847856063,9.36882275662,-1.44294918895e-11,9.48896863862e-12,4.56724287373e-06
3.47,floor,heinz,50,0.00167049357711,2.97694884475e-05,-3.04551401627e-06,0.0,0.0,-1.0,2.92941308435e-05,1.17957577326e-05,9.36879876512,-2.79400808045e-12,9.32951112198e-12,-1.08101580726e-07
3.48,floor,heinz,50,-0.000382843100645,0.00258677281615,-3.05129129079e-06,0.0,0.0,-1.0,0.00154820438091,-0.0026803831004,9.368708444,-2.80873349752e-11,-1.20406245738e-11,-7.85321631118e-06
3.49,floor,heinz,50,-0.000755333108626,0.00288001951631,-3.047840456e-06,0.0,0.0,-1.0,0.00186533310055,-0.00363849152752,9.36864513398,-1.88210159263e-11,-1.08098634211e-11,-9.73261758839e-06
3.5,floor,heinz,50,-0.00348008147205,0.00409052948167,-3.04878301149e-06,0.0,0.0,-1.0,0.000328395359794,-0.000533530649668,9.36876636625,-6.09811159902e-12,-6.98450325354e-12,-1.64111655103e-06
3.51,floor,heinz,50,-0.00623764812964,0.00193642123084,-3.04867464517e-06,0.0,0.0,-1.0,0.00128323590869,-0.000211655133527,9.36863371708,2.01671578742e-13,-2.20971938664e-12,-5.19443785546e-06
3.52,floor,heinz,50,-0.00593134804575,-0.00417223879606,-3.05259156074e-06,0.0,0.0,-1.0,-0.00230636127356,0.0064287290024,9.3686777276,2.2649872429e-11,-2.57302278442e-11,1.31333834773e-05
3.53,floor,heinz,50,-0.00196981797866,-0.0049979421123,-3.05297712881e-06,0.0,0.0,-1.0,-0.00208072212554,0.00446751137833,9.36848305975,1.33225726458e-11,-6.97578540071e-12,1.10245985625e-05
3.54,floor,heinz,50,0.000526175238929,-0.00444661876755,-3.0523447966e-06,0.0,0.0,-1.0,-0.000261901462876,-9.38504250978e-05,9.36879735463,1.45110356023e-11,3.97628978355e-13,9.78150746889e-07
3.55,floor,heinz,50,0.00196494522422,-0.00474124881024,-3.04812795651e-06,0.0,0.0,-1.0,-0.00180215067353,0.00209531354274,9.36848140225,1.13593748123e-11,9.75548634929e-13,8.43357179173e-06
3.56,floor,heinz,50,0.00143137026167,-0.00243093378254,-3.04957004929e-06,0.0,0.0,-1.0,9.40562047466e-05,-0.000122205359991,9.36880322568,1.37249790526e-11,8.41361355586e-12,-4.50386770667e-07
3.57,floor,heinz,50,0.00143053026062,-0.00129923050163,-3.0493021649e-06,0.0,0.0,-1.0,2.80693978024e-05,-1.98768584819e-05,9.36879876219,5.32517302823e-12,1.10025608416e-11,-1.2354565423e-07
3.58,floor,heinz,50,-0.000207738098787,0.00194726950435,-3.0580903585e-06,0.0,0.0,-1.0,0.000328395658284,-0.000796723316454,9.3687833967,-3.19043099231e-11,-1.83636352652e-12,-1.80982805185e-06
3.59,floor,heinz,50,0.00167049357714,2.97694883839e-05,-3.04591261984e-06,0.0,0.0,-1.0,2.94080341284e-05,1.21128357164e-05,9.36879875755,-3.34428925525e-12,9.75807108727e-12,-1.08349573855e-07
3.6,floor,heinz,50,0.000424706908583,0.00159748282442,-3.04823781177e-06,0.0,0.0,-1.0,5.19620382794e-06,5.06699462752e-05,9.36879880549,-1.19408953211e-11,9.97329822894e-13,1.19770431168e-08
3.61,floor,heinz,50,4.88969185947e-05,0.00196887950579,-3.04567083461e-06,0.0,0.0,-1.0,9.8456881648e-06,4.27624478004e-05,9.36879892218,-7.75888554794e-12,-6.64925579874e-13,-1.14608460701e-08
3.62,floor,heinz,50,-0.00193713977324,0.003085056148,-3.04667486943e-06,0.0,0.0,-1.0,-3.22288726258e-05,0.00037638099296,9.36881082784,-4.39508108727e-12,-3.62345136534e-12,3.6904569091e-07
3.63,floor,heinz,50,-0.00624068972219,0.00276284950043,-3.04907106748e-06,0.0,0.0,-1.0,0.00213600823567,0.00235107818404,9.36876255318,-3.45891674677e-12,-1.13488836384e-11,-6.89666003302e-06
3.64,floor,heinz,50,-0.00740351969551,-0.00181973378472,-3.05053479656e-06,0.0,0.0,-1.0,0.00023715135924,-0.000782377910276,9.36882567751,-4.18580101136e-14,1.49481121925e-13,-1.4239138201e-06
3.65,floor,heinz,50,-0.00353397966621,-0.00360511712355,-3.05291708089e-06,0.0,0.0,-1.0,0.000524392560611,-0.00364886856799,9.36908993979,4.68002893383e-12,-1.86225774385e-12,-4.41805675989e-06
3.66,floor,heinz,50,-0.00140251639316,-0.00355391377434,-3.05221143747e-06,0.0,0.0,-1.0,-5.9244314418e-07,-6.18942163651e-05,9.36879991373,8.37709632565e-12,-2.99247345653e-12,-3.74501634154e-08
3.67,floor,heinz,50,-2.66497258419e-05,-0.00233921378626,-3.05295868842e-06,0.0,0.0,-1.0,1.4141750415e-05,-4.69226118822e-05,9.36879892569,7.66354471202e-12,1.81796331461e-12,-8.59588409898e-08
3.68,floor,heinz,50,0.000625353588929,-0.00173848380979,-3.05319081531e-06,0.0,0.0,-1.0,2.22135138009e-05,-3.16219890514e-05,9.36879861761,7.01301430123e-12,6.11457932898e-12,-1.07996882227e-07
3.69,floor,heinz,50,0.00136060187537,-0.00150284546921,-3.05087214847e-06,0.0,0.0,-1.0,-0.0015932486615,0.00180070827982,9.36867772596,-8.2027136819e-13,1.29817051206e-11,7.42897981962e-06
3.7,floor,heinz,50,0.0019976835773,-0.0011302771563,-3.04786464481e-06,0.0,0.0,-1.0,3.41638144254e-05,-5.29646577804e-06,9.36879899086,5.09851882935e-12,1.51393377001e-11,-1.38297530494e-07
3.71,floor,heinz,50,0.00167049357716,2.97694883169e-05,-3.04845822819e-06,0.0,0.0,-1.0,2.33177716832e-05,3.60439504841e-05,9.36879856313,-4.83824005165e-12,1.01516364759e-11,-6.89799285028e-08
3.72,floor,heinz,50,0.000229055221777,0.00209565616769,-3.05270458555e-06,0.0,0.0,-1.0,6.87596446929e-05,-0.000385577272949,9.36878959188,-2.3185869457e-11,-7.47576479887e-13,-5.18523806425e-07
3.73,floor,heinz,50,-0.00038284310061,0.0025867728161,-3.05034739035e-06,0.0,0.0,-1.0,9.60228241716e-06,3.53805562726e-05,9.36879879891,-1.508490945e-11,-3.69441109649e-12,-1.52353978392e-08
3.74,floor,heinz,50,-0.000755333108595,0.00288001951628,-3.04693428944e-06,0.0,0.0,-1.0,3.58308923824e-05,-8.10858147418e-05,9.36879541046,-9.44537677239e-12,-3.7048862242e-12,-1.93507515384e-07
3.75,floor,heinz,50,-0.00334363480332,0.00396080612744,-3.04781906101e-06,0.0,0.0,-1.0,-8.55564171772e-06,-0.00128056190575,9.36867586294,-4.91183699616e-12,-4.05184306246e-12,-7.83990389328e-07
3.76,floor,heinz,50,-0.00611072970523,0.0011528261962,-3.04947828317e-06,0.0,0.0,-1.0,-0.000749293337092,0.0012068988808,9.36892283648,-2.40364108825e-12,-6.75580424936e-12,3.72603027688e-06
3.77,floor,heinz,50,-0.00596262135571,-0.00290345212312,-3.05150712726e-06,0.0,0.0,-1.0,-0.000394886021324,-0.0025525954904,9.36903801712,1.53944131748e-12,-5.90888449281e-13,-5.67415096027e-08
3.78,floor,heinz,50,-0.00321584302647,-0.00329947380495,-3.05164161003e-06,0.0,0.0,-1.0,0.00173524847569,-0.0037452938775,9.36909341169,2.8121489512e-12,-3.55978267697e-13,-9.27735420129e-06
3.79,floor,heinz,50,3.56035682072e-05,-0.0032668137794,-3.05334885528e-06,0.0,0.0,-1.0,0.000785116072562,-0.0034624912274,9.36910181988,2.02132967482e-11,1.06525465532e-12,-5.33716328727e-06
3.8,floor,heinz,50,0.00196494522426,-0.00474124881042,-3.04777720499e-06,0.0,0.0,-1.0,-0.000223865394802,0.000332152403118,9.36877488603,2.14076677392e-11,4.63012961305e-12,1.09947591994e-06
3.81,floor,heinz,50,0.00185913521136,-0.00275350879157,-3.04850675364e-06,0.0,0.0,-1.0,-4.97915339297e-05,0.000120076293304,9.36879304765,1.60071634767e-11,9.54468795666e-12,2.74192255041e-07
3.82,floor,heinz,50,0.0019976835773,-0.00113027715638,-3.04976558273e-06,0.0,0.0,-1.0,-0.000895508372731,-0.000452057319977,9.36874615284,5.52536445417e-12,1.82791542319e-11,3.2465217837e-06
3.83,floor,heinz,50,0.00032210689961,0.00153862945884,-3.05626478878e-06,0.0,0.0,-1.0,-0.00011600277055,0.000239972898858,9.36880004246,-2.00309469532e-11,3.95726854063e-12,6.12055326332e-07
3.84,floor,heinz,50,0.00167049357718,2.97694882464e-05,-3.04587449653e-06,0.0,0.0,-1.0,2.91650597213e-05,1.1997060044e-05,9.36879875166,-3.0184413996e-12,9.81599610622e-12,-1.07464325404e-07
3.85,floor,heinz,50,-0.000382843100536,0.00258677281598,-3.05191986475e-06,0.0,0.0,-1.0,0.00154807781361,-0.00268018246451,9.36870843285,-2.95271207658e-11,-1.25627034817e-11,-7.85257877552e-06
3.86,floor,heinz,50,-0.000755333108513,0.00288001951614,-3.04847377708e-06,0.0,0.0,-1.0,0.0018651947672,-0.00363829006504,9.36864512696,-2.01448159369e-11,-1.14852511182e-11,-9.73192092356e-06
3.87,floor,heinz,50,-0.00348008147192,0.00409052948155,-3.04962330388e-06,0.0,0.0,-1.0,0.00032598398227,-0.000483808967138,9.36876857193,-6.88649224451e-12,-7.92955978657e-12,-1.59943309811e-06
3.88,floor,heinz,50,-0.00623764812957,0.00193642123082,-3.04976548184e-06,0.0,0.0,-1.0,7.77994019169e-05,0.00220786432371,9.3689269206,-3.5427121306e-12,-8.49575357981e-12,1.10714012807e-06
3.89,floor,heinz,50,-0.00707499138566,-0.00174970879224,-3.05076345507e-06,0.0,0.0,-1.0,0.000552609038787,-0.00385364773727,9.36892014137,-1.84128233494e-12,9.51812500344e-12,-4.64907311121e-06
3.9,floor,heinz,50,-0.00322924300746,-0.00325264381386,-3.05274585916e-06,0.0,0.0,-1.0,-0.000112033616165,-0.000231726898793,9.36880752904,4.75869474034e-12,-4.36108701235e-12,2.93823139289e-07
3.91,floor,heinz,50,0.000526175238896,-0.00444661876774,-3.05327499689e-06,0.0,0.0,-1.0,-0.00208732768801,-0.000123485881878,9.36880159565,2.81913416222e-11,9.38526166505e-13,8.16010763548e-06
3.92,floor,heinz,50,0.00196494522427,-0.00474124881049,-3.04915595925e-06,0.0,0.0,-1.0,5.8375889027e-06,0.000134782050449,9.36879510837,1.90633455202e-11,4.50514365397e-12,6.41769565993e-08
3.93,floor,heinz,50,0.00143137026171,-0.00243093378275,-3.05025269146e-06,0.0,0.0,-1.0,0.000504159110845,-0.000545933564251,9.3688767821,1.47600321722e-11,8.07940606778e-12,-2.34013946041e-06
3.94,floor,heinz,50,0.00143053026068,-0.00129923050182,-3.04991847908e-06,0.0,0.0,-1.0,1.78729597942e-05,-7.32174912204e-05,9.36879909199,5.31461203171e-12,1.08148620268e-11,-1.17282854301e-07
3.95,floor,heinz,50,-0.000207738098679,0.00194726950417,-3.0585686784e-06,0.0,0.0,-1.0,0.000535415231752,-0.00142232401995,9.36877207883,-3.54407930954e-11,-3.15056054162e-12,-3.0316945082e-06
3.96,floor,heinz,50,0.00167049357721,2.9769488181e-05,-3.04657505285e-06,0.0,0.0,-1.0,2.96707914343e-05,1.19463718465e-05,9.36879874829,-3.07462258778e-12,8.9795081093e-12,-1.09491742088e-07
3.97,floor,heinz,50,0.000424706908679,0.00159748282424,-3.04863844551e-06,0.0,0.0,-1.0,-5.3823330018e-05,0.000119972568643,9.3687967666,-1.1185067629e-11,1.18952243888e-12,2.89284653609e-07
3.98,floor,heinz,50,4.88969186978e-05,0.00196887950561,-3.0460532784e-06,0.0,0.0,-1.0,8.45625586706e-06,5.00875412999e-05,9.36879905719,-6.99966170095e-12,-5.44748274267e-13,-1.27964752648e-09
3.99,floor,heinz,50,-0.00348008147182,0.00409052948145,-3.04964812558e-06,0.0,0.0,-1.0,0.00250701096807,-0.00284643531559,9.36847244582,-1.38112073861e-11,-2.07124560558e-11,-1.17566923507e-05
4.0,floor,heinz,50,-0.00543529473672,0.0017733378453,-3.04939462537e-06,0.0,0.0,-1.0,-0.00156564681668,0.00337197959549,9.36913358014,-5.57229132628e-12,-8.51644883088e-12,8.31019129274e-06
4.01,floor,heinz,50,-0.00707499138568,-0.00174970879217,-3.05054579926e-06,0.0,0.0,-1.0,-0.00079430388956,-0.000362309746706,9.36889733974,2.22297961289e-12,-6.55538730937e-12,2.89993109274e-06
4.02,floor,heinz,50,-0.00322924300745,-0.00325264381391,-3.05258359066e-06,0.0,0.0,-1.0,-0.000112011009191,-0.000231752192467,9.36880753355,4.77375951269e-12,-4.37324655655e-12,2.9371608517e-07
4.03,floor,heinz,50,0.000526175238897,-0.0044466187678,-3.05316329158e-06,0.0,0.0,-1.0,-0.00208730212473,-0.000123509140938,9.3688015988,2.82440008881e-11,1.01702934269e-12,8.15998148294e-06
4.04,floor,heinz,50,0.0009980169174,-0.00380658378271,-3.05025496476e-06,0.0,0.0,-1.0,0.00213582910935,-0.00246452934622,9.36914507345,2.44923647336e-11,5.2425815425e-12,-1.00408051312e-05
4.05,floor,heinz,50,0.00143137026173,-0.00243093378281,-3.05029032487e-06,0.0,0.0,-1.0,0.000504151063672,-0.00054585177479,9.36887678198,1.50319158163e-11,8.2469864271e-12,-2.34006102556e-06
4.06,floor,heinz,50,0.0014305302607,-0.00129923050189,-3.0500424551e-06,0.0,0.0,-1.0,1.39829133043e-05,-7.68050825975e-05,9.36879902571,5.42425956582e-12,1.11034089909e-11,-1.04179114398e-07
4.07,floor,heinz,50,-0.000207738098647,0.00194726950411,-3.05887119452e-06,0.0,0.0,-1.0,0.000535364126642,-0.00142222549695,9.3687720723,-3.60985972017e-11,-3.24314533562e-12,-3.03142400075e-06
4.08,floor,heinz,50,0.00167049357724,2.9769488116e-05,-3.04672019903e-06,0.0,0.0,-1.0,2.956001944e-05,1.20536493174e-05,9.3687987408,-3.31913056068e-12,9.47002632562e-12,-1.08986873749e-07
4.09,floor,heinz,50,0.00042470690872,0.00159748282415,-3.0489449201e-06,0.0,0.0,-1.0,0.000368048781323,-0.00121553495308,9.36876670003,-1.45925251049e-11,9.98282186082e-13,-2.23519985997e-06
4.1,floor,heinz,50,4.88969187305e-05,0.00196887950556,-3.04633174571e-06,0.0,0.0,-1.0,8.26284080779e-06,5.04351925997e-05,9.3687990538,-8.18676810371e-12,-7.51959258749e-13,-2.95780583493e-10
4.11,floor,heinz,50,-0.00193713977309,0.00308505614784,-3.04734029302e-06,0.0,0.0,-1.0,-7.99302974949e-05,0.00181835223985,9.36893368636,-1.88289618272e-12,-3.47238730825e-12,1.47936124335e-06
4.12,floor,heinz,50,-0.00518227975109,0.0035671295072,-3.0481500923e-06,0.0,0.0,-1.0,0.000136186586606,0.00051027536086,9.36881195099,-3.06537000644e-12,-3.82997279724e-12,-2.06879589556e-07
4.13,floor,heinz,50,-0.00743899804845,-0.00220847544712,-3.05178933672e-06,0.0,0.0,-1.0,-0.00183448786916,0.00450933939071,9.36889457613,1.0699992975e-11,-2.5597877984e-11,1.00735326646e-05
4.14,floor,heinz,50,-0.0031899930293,-0.00485950710794,-3.0542270361e-06,0.0,0.0,-1.0,-0.000989549321901,-0.0010787978365,9.36895480279,1.25256424156e-11,-5.78172579258e-12,3.21833362334e-06
4.15,floor,heinz,50,-0.00140251639313,-0.00355391377454,-3.05306853637e-06,0.0,0.0,-1.0,3.32392474111e-07,-9.83984534731e-05,9.36880115071,7.85940279871e-12,-2.73884387392e-12,-6.46298824661e-08
4.16,floor,heinz,50,-2.66497257899e-05,-0.0023392137865,-3.05379500142e-06,0.0,0.0,-1.0,9.49076392217e-06,-0.000121365206263,9.36880049467,7.6846363474e-12,1.851178065e-12,-1.15339759947e-07
4.17,floor,heinz,50,0.000625353588994,-0.00173848381004,-3.05400723176e-06,0.0,0.0,-1.0,2.44656539442e-05,-9.68383203617e-05,9.3687996775,7.09488197359e-12,6.13835978575e-12,-1.58700557816e-07
4.18,floor,heinz,50,0.000456201908869,-0.000327980491607,-3.05582744931e-06,0.0,0.0,-1.0,0.00251936517129,-0.00659968223607,9.36914301474,1.02493135506e-11,6.69925746821e-12,-1.42748055536e-05
4.19,floor,heinz,50,0.00199768357737,-0.00113027715657,-3.04861750782e-06,0.0,0.0,-1.0,3.20679824569e-05,-7.64282234741e-06,9.36879892552,4.82426078252e-12,1.49522252219e-11,-1.31499596818e-07
4.2,floor,heinz,50,0.00167049357726,2.97694880525e-05,-3.04919156534e-06,0.0,0.0,-1.0,-1.93193522698e-05,0.000143110936428,9.36879753385,-5.26842241708e-12,9.99280606179e-12,1.67977474312e-07
4.21,floor,heinz,50,0.000229055221925,0.0020956561674,-3.05343341012e-06,0.0,0.0,-1.0,0.000449592609975,-0.00230345780448,9.36872425669,-3.28094973065e-11,-1.03346671498e-12,-3.25852880788e-06
4.22,floor,heinz,50,-0.000382843100461,0.00258677281587,-3.05104638018e-06,0.0,0.0,-1.0,3.5529889863e-05,-3.84957443265e-05,9.36879689006,-1.65364085272e-11,-3.99957757885e-12,-1.64989061469e-07
4.23,floor,heinz,50,-0.000755333108436,0.00288001951605,-3.04760025755e-06,0.0,0.0,-1.0,0.000260777151683,-0.000676099010718,9.36877758621,-1.18620035669e-11,-4.90873140746e-12,-1.46422688749e-06
4.24,floor,heinz,50,-0.00333070308787,0.00341258948255,-3.04843659328e-06,0.0,0.0,-1.0,1.16529547442e-05,0.00215719071123,9.36898234931,-1.19639281121e-12,-4.50011729269e-12,1.33485674995e-06
4.25,floor,heinz,50,-0.00647661141301,0.00158613786269,-3.04977422317e-06,0.0,0.0,-1.0,0.0005771662674,0.00151096193425,9.36879243238,-2.09899849238e-12,-7.21443477875e-12,-1.30693542285e-06
4.26,floor,heinz,50,-0.00593134804572,-0.00417223879625,-3.05316338673e-06,0.0,0.0,-1.0,-0.00211678490265,0.00581199469102,9.36867255441,2.15211147514e-11,-2.35833748363e-11,1.19950139762e-05
4.27,floor,heinz,50,-0.00196981797866,-0.00499794211259,-3.05335580865e-06,0.0,0.0,-1.0,-0.00208072097089,0.00448446502042,9.36848257827,1.35176488059e-11,-6.82183042694e-12,1.10353153892e-05
4.28,floor,heinz,50,0.000526175238943,-0.00444661876792,-3.05265344687e-06,0.0,0.0,-1.0,-0.000261939198957,-9.39171031755e-05,9.36879734906,1.41853837704e-11,3.93025889611e-13,9.78254298308e-07
4.29,floor,heinz,50,0.00196494522423,-0.00474124881065,-3.04840818816e-06,0.0,0.0,-1.0,-0.0018021764945,0.0020952315357,9.3684814044,1.10405764392e-11,8.84582337934e-13,8.43358459701e-06
